"Stratum","Transect","FID","SA","ID","Cruise","LOG","longitude","latitude","Mat_Perc","Imm_Perc","multiplier","MAT","IMM"
"11","T12","T12_686",0,"2019207_3430.0",2019207,"3430.0",4.792247,59.784912,0.841050115047081,0.158949884952919,20590.8599284065,0,0
"11","T13","T13_689",0,"2019207_3448.7",2019207,"3448.7",4.8370233,60.03298,0.884049634789081,0.115950365210919,20590.8599284065,0,0
"11","T12","T12_685",0,"2019207_3425.0",2019207,"3425.0",4.6277084,59.789047,0.841050115047081,0.158949884952919,20590.8599284065,0,0
"11","T13","T13_696",10.008096,"2019207_3480.0",2019207,"3480.0",3.835735,60.04185,0.884049634789081,0.115950365210919,20590.8599284065,0.182180796255457,0.0238945066305876
"11","T13","T13_697",24.958983,"2019207_3485.0",2019207,"3485.0",3.6695366,60.04249,0.884049634789081,0.115950365210919,20590.8599284065,0.454336908505516,0.0595900144029616
"11","T13","T13_690",958.830046,"2019207_3450.0",2019207,"3450.0",4.794873,60.0349,0.884049634789081,0.115950365210919,20590.8599284065,17.4539114386929,2.2892237336406
"11","T12","T12_669",50.010426,"2019207_3345.0",2019207,"3345.0",2.5803683,59.789413,0.841050115047081,0.158949884952919,20590.8599284065,0.866077812480963,0.163679864244973
"11","T12","T12_670",2.311578,"2019207_3350.0",2019207,"3350.0",2.745125,59.790913,0.841050115047081,0.158949884952919,20590.8599284065,0.0400317809254238,0.00756559788616208
"11","T12","T12_671",0,"2019207_3357.7",2019207,"3357.7",2.8288467,59.788322,0.841050115047081,0.158949884952919,20590.8599284065,0,0
"11","T12","T12_672",5.000821,"2019207_3360.0",2019207,"3360.0",2.9047558,59.78917,0.841050115047081,0.158949884952919,20590.8599284065,0.0866039435914596,0.0163672611465739
"11","T12","T12_673",0,"2019207_3365.0",2019207,"3365.0",3.0696,59.79201,0.841050115047081,0.158949884952919,20590.8599284065,0,0
"11","T13","T13_691",0,"2019207_3455.0",2019207,"3455.0",4.62895,60.037518,0.884049634789081,0.115950365210919,20590.8599284065,0,0
"11","T13","T13_692",16.013274,"2019207_3460.0",2019207,"3460.0",4.46329,60.03808,0.884049634789081,0.115950365210919,20590.8599284065,0.291495106359572,0.0382319755696204
"11","T13","T13_693",0,"2019207_3465.0",2019207,"3465.0",4.334,60.039276,0.884049634789081,0.115950365210919,20590.8599284065,0,0
"11","T13","T13_694",15.001493,"2019207_3470.0",2019207,"3470.0",4.167977,60.039997,0.884049634789081,0.115950365210919,20590.8599284065,0.273077310585417,0.0358163304945529
"11","T13","T13_695",30.016233,"2019207_3475.0",2019207,"3475.0",4.00183,60.040512,0.884049634789081,0.115950365210919,20590.8599284065,0.546395760844953,0.071664288436458
"11","T12","T12_680",144.022176,"2019207_3400.0",2019207,"3400.0",3.811183,59.789898,0.841050115047081,0.158949884952919,20590.8599284065,2.49416813883626,0.471372313764045
"11","T12","T12_681",9.998077,"2019207_3405.0",2019207,"3405.0",3.9762516,59.788403,0.841050115047081,0.158949884952919,20590.8599284065,0.173146148708596,0.0327228543518262
"11","T12","T12_682",0,"2019207_3410.0",2019207,"3410.0",4.140412,59.79217,0.841050115047081,0.158949884952919,20590.8599284065,0,0
"11","T12","T12_683",0,"2019207_3415.0",2019207,"3415.0",4.297919,59.79068,0.841050115047081,0.158949884952919,20590.8599284065,0,0
"11","T12","T12_684",171.202161,"2019207_3420.0",2019207,"3420.0",4.4628577,59.78833,0.841050115047081,0.158949884952919,20590.8599284065,2.96486962720321,0.56033008938828
"11","T14","T14_729",0,"2019207_3645.0",2019207,"3645.0",4.13874,60.286633,0.930603124204131,0.069396875795869,20590.8599284065,0,0
"11","T14","T14_730",0,"2019207_3653.6",2019207,"3653.6",4.2612233,60.28807,0.930603124204131,0.069396875795869,20590.8599284065,0,0
"11","T14","T14_731",14.999006,"2019207_3655.0",2019207,"3655.0",4.308209,60.287502,0.930603124204131,0.069396875795869,20590.8599284065,0.287409731744302,0.0214326998670255
"11","T12","T12_674",0,"2019207_3373.4",2019207,"3373.4",3.2091784,59.789154,0.841050115047081,0.158949884952919,20590.8599284065,0,0
"11","T12","T12_675",17.481526,"2019207_3375.0",2019207,"3375.0",3.260925,59.792233,0.841050115047081,0.158949884952919,20590.8599284065,0.302744107736836,0.057215545463959
"11","T12","T12_677",0,"2019207_3385.6",2019207,"3385.6",3.3389034,59.79057,0.841050115047081,0.158949884952919,20590.8599284065,0,0
"11","T12","T12_678",175.069035,"2019207_3390.0",2019207,"3390.0",3.4834166,59.794353,0.841050115047081,0.158949884952919,20590.8599284065,3.03183593888909,0.572986038597199
"11","T12","T12_679",20.023407,"2019207_3395.0",2019207,"3395.0",3.6461072,59.79066,0.841050115047081,0.158949884952919,20590.8599284065,0.346764263375321,0.065534905451152
"11","T15","T15_739",5.002148,"2019207_3695.0",2019207,"3695.0",4.2368283,60.53983,0.945136854780312,0.0548631452196876,20590.8599284065,0.0973477055656874,0.00565082324347104
"11","T15","T15_740",0,"2019207_3700.0",2019207,"3700.0",4.068247,60.53698,0.945136854780312,0.0548631452196876,20590.8599284065,0,0
"11","T15","T15_741",0,"2019207_3705.0",2019207,"3705.0",3.8996367,60.537994,0.945136854780312,0.0548631452196876,20590.8599284065,0,0
"11","T15","T15_742",0,"2019207_3710.0",2019207,"3710.0",3.7310467,60.54204,0.945136854780312,0.0548631452196876,20590.8599284065,0,0
"11","T15","T15_743",0,"2019207_3715.0",2019207,"3715.0",3.5625956,60.545403,0.945136854780312,0.0548631452196876,20590.8599284065,0,0
"11","T15","T15_744",4.996405,"2019207_3720.0",2019207,"3720.0",3.394225,60.55075,0.945136854780312,0.0548631452196876,20590.8599284065,0.0972359400055593,0.00564433549503032
"11","T15","T15_745",0,"2019207_3725.0",2019207,"3725.0",3.2255533,60.55369,0.945136854780312,0.0548631452196876,20590.8599284065,0,0
"11","T15","T15_746",121.248094,"2019207_3732.0",2019207,"3732.0",3.197216,60.55217,0.945136854780312,0.0548631452196876,20590.8599284065,2.35963105352197,0.136971466618293
"11","T14","T14_732",0,"2019207_3660.0",2019207,"3660.0",4.475183,60.287945,0.930603124204131,0.069396875795869,20590.8599284065,0,0
"11","T14","T14_733",0,"2019207_3665.0",2019207,"3665.0",4.636667,60.28537,0.930603124204131,0.069396875795869,20590.8599284065,0,0
"11","T15","T15_736",0.975031,"2019207_3684.0",2019207,"3684.0",4.6073084,60.535267,0.945136854780312,0.0548631452196876,20590.8599284065,0.0189752543718054,0.00110147237504864
"11","T15","T15_737",0,"2019207_3685.0",2019207,"3685.0",4.574225,60.536747,0.945136854780312,0.0548631452196876,20590.8599284065,0,0
"11","T15","T15_738",0,"2019207_3690.0",2019207,"3690.0",4.4056582,60.53875,0.945136854780312,0.0548631452196876,20590.8599284065,0,0
"11","T10","T10_618",10.978018,"2019207_3090.9",2019207,"3090.9",1.998445,59.284138,0.803957866463701,0.196042133536299,20590.8599284065,0.181732127914982,0.0443147030145431
"11","T10","T10_619",29.124461,"2019207_3095.9",2019207,"3095.9",2.1192217,59.28531,0.803957866463701,0.196042133536299,20590.8599284065,0.482131680956152,0.117566015985184
"11","T10","T10_620",25.00411,"2019207_3100.0",2019207,"3100.0",2.2525682,59.286976,0.803957866463701,0.196042133536299,20590.8599284065,0.413922633112851,0.100933493531616
"11","T10","T10_621",0,"2019207_3105.0",2019207,"3105.0",2.4150958,59.28813,0.803957866463701,0.196042133536299,20590.8599284065,0,0
"11","T10","T10_622",64.977601,"2019207_3110.0",2019207,"3110.0",2.5775852,59.290134,0.803957866463701,0.196042133536299,20590.8599284065,1.07565115092184,0.262293529753046
"11","T10","T10_623",0,"2019207_3115.0",2019207,"3115.0",2.7402134,59.29022,0.803957866463701,0.196042133536299,20590.8599284065,0,0
"11","T10","T10_624",0,"2019207_3120.0",2019207,"3120.0",2.9028032,59.291794,0.803957866463701,0.196042133536299,20590.8599284065,0,0
"11","T10","T10_625",0,"2019207_3125.0",2019207,"3125.0",3.065325,59.2916,0.803957866463701,0.196042133536299,20590.8599284065,0,0
"11","T10","T10_626",0,"2019207_3130.0",2019207,"3130.0",3.2278183,59.293884,0.803957866463701,0.196042133536299,20590.8599284065,0,0
"11","T10","T10_627",0,"2019207_3137.9",2019207,"3137.9",3.3250792,59.288246,0.803957866463701,0.196042133536299,20590.8599284065,0,0
"11","T10","T10_628",9.996929,"2019207_3140.0",2019207,"3140.0",3.3930266,59.290108,0.803957866463701,0.196042133536299,20590.8599284065,0.165491000268445,0.0403543644847798
"11","T10","T10_629",265.616529,"2019207_3145.0",2019207,"3145.0",3.5554888,59.29127,0.803957866463701,0.196042133536299,20590.8599284065,4.39706484581838,1.07220789749013
"11","T10","T10_630",135.84683,"2019207_3150.9",2019207,"3150.9",3.6004708,59.290257,0.803957866463701,0.196042133536299,20590.8599284065,2.24883339473526,0.548369653512786
"11","T10","T10_631",0,"2019207_3155.0",2019207,"3155.0",3.7319517,59.291275,0.803957866463701,0.196042133536299,20590.8599284065,0,0
"11","T10","T10_632",0,"2019207_3160.0",2019207,"3160.0",3.8927355,59.288315,0.803957866463701,0.196042133536299,20590.8599284065,0,0
"11","T10","T10_633",0,"2019207_3165.0",2019207,"3165.0",4.055065,59.290054,0.803957866463701,0.196042133536299,20590.8599284065,0,0
"11","T10","T10_634",44.9994,"2019207_3170.0",2019207,"3170.0",4.217356,59.287575,0.803957866463701,0.196042133536299,20590.8599284065,0.744928339240965,0.181648003021368
"11","T10","T10_635",125.232687,"2019207_3175.0",2019207,"3175.0",4.378723,59.28908,0.803957866463701,0.196042133536299,20590.8599284065,2.07312492045658,0.505523796018392
"11","T10","T10_636",279.069132,"2019207_3180.0",2019207,"3180.0",4.5340586,59.28777,0.803957866463701,0.196042133536299,20590.8599284065,4.6197617086934,1.12651169866057
"11","T10","T10_637",0,"2019207_3185.0",2019207,"3185.0",4.696592,59.28357,0.803957866463701,0.196042133536299,20590.8599284065,0,0
"11","T11","T11_640",0,"2019207_3202.7",2019207,"3202.7",4.902352,59.534298,0.832898158873306,0.167101841126694,20590.8599284065,0,0
"11","T11","T11_641",0,"2019207_3205.0",2019207,"3205.0",4.8270864,59.534924,0.832898158873306,0.167101841126694,20590.8599284065,0,0
"11","T11","T11_642",0,"2019207_3210.0",2019207,"3210.0",4.66356,59.53797,0.832898158873306,0.167101841126694,20590.8599284065,0,0
"11","T11","T11_643",15.002017,"2019207_3215.0",2019207,"3215.0",4.5000634,59.541367,0.832898158873306,0.167101841126694,20590.8599284065,0.257285931589984,0.0516184991005879
"11","T11","T11_644",59.977177,"2019207_3220.0",2019207,"3220.0",4.336387,59.541767,0.832898158873306,0.167101841126694,20590.8599284065,1.02861394295063,0.206367707557611
"11","T11","T11_645",95.018697,"2019207_3225.0",2019207,"3225.0",4.172815,59.54237,0.832898158873306,0.167101841126694,20590.8599284065,1.62957914099894,0.326937539507757
"11","T11","T11_646",7.815228,"2019207_3230.0",2019207,"3230.0",4.0092535,59.541145,0.832898158873306,0.167101841126694,20590.8599284065,0.134031858287331,0.0268904067692291
"11","T11","T11_647",20.5219,"2019207_3236.1",2019207,"3236.1",4.00031,59.541977,0.832898158873306,0.167101841126694,20590.8599284065,0.351952418097947,0.0706111502668178
"11","T11","T11_648",110.015581,"2019207_3240.0",2019207,"3240.0",3.8727202,59.54126,0.832898158873306,0.167101841126694,20590.8599284065,1.88677704118042,0.378538377132832
"11","T11","T11_649",0,"2019207_3245.0",2019207,"3245.0",3.7090352,59.54346,0.832898158873306,0.167101841126694,20590.8599284065,0,0
"11","T11","T11_650",92.475844,"2019207_3252.3",2019207,"3252.3",3.675895,59.54188,0.832898158873306,0.167101841126694,20590.8599284065,1.58596898491117,0.318188165653999
"11","T11","T11_651",0,"2019207_3255.0",2019207,"3255.0",3.5874734,59.542404,0.832898158873306,0.167101841126694,20590.8599284065,0,0
"11","T11","T11_652",0,"2019207_3260.0",2019207,"3260.0",3.4236727,59.54192,0.832898158873306,0.167101841126694,20590.8599284065,0,0
"11","T11","T11_654",0,"2019207_3270.1",2019207,"3270.1",3.27707,59.54274,0.832898158873306,0.167101841126694,20590.8599284065,0,0
"11","T11","T11_655",0,"2019207_3275.0",2019207,"3275.0",3.1165,59.541855,0.832898158873306,0.167101841126694,20590.8599284065,0,0
"11","T11","T11_656",0,"2019207_3280.0",2019207,"3280.0",2.9530268,59.540806,0.832898158873306,0.167101841126694,20590.8599284065,0,0
"11","T11","T11_657",25.000828,"2019207_3285.0",2019207,"3285.0",2.789485,59.541565,0.832898158873306,0.167101841126694,20590.8599284065,0.428766433373657,0.0860221140685251
"11","T11","T11_658",15.00019,"2019207_3290.0",2019207,"3290.0",2.6294758,59.540268,0.832898158873306,0.167101841126694,20590.8599284065,0.25725459837679,0.0516122128126936
"11","T11","T11_659",0,"2019207_3295.0",2019207,"3295.0",2.4659717,59.540073,0.832898158873306,0.167101841126694,20590.8599284065,0,0
"11","T11","T11_660",59.985536,"2019207_3300.0",2019207,"3300.0",2.3049617,59.535877,0.832898158873306,0.167101841126694,20590.8599284065,1.02875730054729,0.206396468959093
"11","T11","T11_661",9.061925,"2019207_3305.0",2019207,"3305.0",2.1411126,59.535675,0.832898158873306,0.167101841126694,20590.8599284065,0.155412823197279,0.0311800051594459
"11","T12","T12_665",0,"2019207_3325.0",2019207,"3325.0",2.01868,59.785213,0.841050115047081,0.158949884952919,20590.8599284065,0,0
"11","T12","T12_666",0,"2019207_3330.0",2019207,"3330.0",2.1666121,59.814438,0.841050115047081,0.158949884952919,20590.8599284065,0,0
"11","T12","T12_667",0,"2019207_3336.8",2019207,"3336.8",2.3099816,59.792618,0.841050115047081,0.158949884952919,20590.8599284065,0,0
"11","T12","T12_668",0,"2019207_3340.0",2019207,"3340.0",2.41558,59.788166,0.841050115047081,0.158949884952919,20590.8599284065,0,0
"11","T18","T18_845",0,"2019207_4225.0",2019207,"4225.0",2.626977,61.28894,0.99274062500315,0.00725937499685028,20590.8599284065,0,0
"11","T18","T18_846",0,"2019207_4230.0",2019207,"4230.0",2.7998686,61.289707,0.99274062500315,0.00725937499685028,20590.8599284065,0,0
"11","T18","T18_847",0,"2019207_4235.0",2019207,"4235.0",2.9726954,61.29005,0.99274062500315,0.00725937499685028,20590.8599284065,0,0
"11","T18","T18_848",0,"2019207_4240.0",2019207,"4240.0",3.1454334,61.289886,0.99274062500315,0.00725937499685028,20590.8599284065,0,0
"11","T18","T18_849",0,"2019207_4245.0",2019207,"4245.0",3.3182116,61.2898,0.99274062500315,0.00725937499685028,20590.8599284065,0,0
"11","T18","T18_850",0,"2019207_4250.0",2019207,"4250.0",3.4735973,61.32259,0.99274062500315,0.00725937499685028,20590.8599284065,0,0
"11","T18","T18_851",0,"2019207_4255.0",2019207,"4255.0",3.6417468,61.341915,0.99274062500315,0.00725937499685028,20590.8599284065,0,0
"11","T18","T18_852",0,"2019207_4260.0",2019207,"4260.0",3.8138282,61.345165,0.99274062500315,0.00725937499685028,20590.8599284065,0,0
"11","T18","T18_853",0,"2019207_4265.0",2019207,"4265.0",3.9774618,61.32553,0.99274062500315,0.00725937499685028,20590.8599284065,0,0
"11","T18","T18_854",0,"2019207_4270.0",2019207,"4270.0",4.130444,61.287605,0.99274062500315,0.00725937499685028,20590.8599284065,0,0
"11","T18","T18_855",0,"2019207_4275.0",2019207,"4275.0",4.303177,61.28607,0.99274062500315,0.00725937499685028,20590.8599284065,0,0
"11","T19","T19_858",0,"2019207_4293.0",2019207,"4293.0",4.4142685,61.535072,0.99274062500315,0.00725937499685028,20590.8599284065,0,0
"11","T19","T19_859",0,"2019207_4295.0",2019207,"4295.0",4.3445644,61.53539,0.99274062500315,0.00725937499685028,20590.8599284065,0,0
"11","T19","T19_860",0,"2019207_4300.0",2019207,"4300.0",4.170642,61.538406,0.99274062500315,0.00725937499685028,20590.8599284065,0,0
"11","T19","T19_861",0,"2019207_4305.0",2019207,"4305.0",3.9963317,61.5387,0.99274062500315,0.00725937499685028,20590.8599284065,0,0
"11","T19","T19_862",0,"2019207_4310.0",2019207,"4310.0",3.8221436,61.539543,0.99274062500315,0.00725937499685028,20590.8599284065,0,0
"11","T19","T19_863",0,"2019207_4315.0",2019207,"4315.0",3.6480658,61.540005,0.99274062500315,0.00725937499685028,20590.8599284065,0,0
"11","T19","T19_864",0,"2019207_4320.0",2019207,"4320.0",3.4740078,61.541553,0.99274062500315,0.00725937499685028,20590.8599284065,0,0
"11","T19","T19_865",0,"2019207_4325.0",2019207,"4325.0",3.3000817,61.540497,0.99274062500315,0.00725937499685028,20590.8599284065,0,0
"11","T19","T19_866",5.001421,"2019207_4330.0",2019207,"4330.0",3.1260476,61.539024,0.99274062500315,0.00725937499685028,20590.8599284065,0.102235962978855,0.000747596275135068
"11","T19","T19_867",0,"2019207_4335.0",2019207,"4335.0",2.951988,61.54157,0.99274062500315,0.00725937499685028,20590.8599284065,0,0
"11","T19","T19_868",0,"2019207_4340.0",2019207,"4340.0",2.7778068,61.54068,0.99274062500315,0.00725937499685028,20590.8599284065,0,0
"11","T19","T19_869",0,"2019207_4345.0",2019207,"4345.0",2.6036224,61.538548,0.99274062500315,0.00725937499685028,20590.8599284065,0,0
"11","T19","T19_870",0,"2019207_4350.0",2019207,"4350.0",2.4295282,61.537838,0.99274062500315,0.00725937499685028,20590.8599284065,0,0
"11","T19","T19_871",0,"2019207_4355.0",2019207,"4355.0",2.2554834,61.536503,0.99274062500315,0.00725937499685028,20590.8599284065,0,0
"11","T19","T19_872",0,"2019207_4360.0",2019207,"4360.0",2.0813484,61.535336,0.99274062500315,0.00725937499685028,20590.8599284065,0,0
"11","T13","T13_698",24.996452,"2019207_3490.0",2019207,"3490.0",3.5031648,60.043373,0.884049634789081,0.115950365210919,20590.8599284065,0.455018969534397,0.0596794723047385
"11","T13","T13_699",59.959781,"2019207_3495.0",2019207,"3495.0",3.3368068,60.04317,0.884049634789081,0.115950365210919,20590.8599284065,1.09146841176212,0.143155040146805
"11","T13","T13_700",0.409124,"2019207_3500.0",2019207,"3500.0",3.170625,60.04069,0.884049634789081,0.115950365210919,20590.8599284065,0.00744742417411041,0.000976790803238949
"11","T13","T13_701",15.020117,"2019207_3505.0",2019207,"3505.0",3.1523783,60.03996,0.884049634789081,0.115950365210919,20590.8599284065,0.273416329630544,0.0358607956247323
"11","T13","T13_702",0,"2019207_3510.0",2019207,"3510.0",2.986325,60.040726,0.884049634789081,0.115950365210919,20590.8599284065,0,0
"11","T13","T13_703",0,"2019207_3516.0",2019207,"3516.0",2.94724,60.043037,0.884049634789081,0.115950365210919,20590.8599284065,0,0
"11","T13","T13_704",0,"2019207_3520.0",2019207,"3520.0",2.8142333,60.04383,0.884049634789081,0.115950365210919,20590.8599284065,0,0
"11","T13","T13_705",9.792267,"2019207_3525.3",2019207,"3525.3",2.7863934,60.043755,0.884049634789081,0.115950365210919,20590.8599284065,0.178251987111838,0.0233792110667188
"11","T13","T13_706",60.019501,"2019207_3530.0",2019207,"3530.0",2.6304917,60.043293,0.884049634789081,0.115950365210919,20590.8599284065,1.09255551535829,0.143297622705563
"11","T13","T13_707",50.062386,"2019207_3535.0",2019207,"3535.0",2.464365,60.040245,0.884049634789081,0.115950365210919,20590.8599284065,0.911302743691513,0.119524834116303
"11","T13","T13_708",0,"2019207_3540.0",2019207,"3540.0",2.298175,60.039703,0.884049634789081,0.115950365210919,20590.8599284065,0,0
"11","T13","T13_709",6.120928,"2019207_3545.0",2019207,"3545.0",2.1322,60.0366,0.884049634789081,0.115950365210919,20590.8599284065,0.111421346963731,0.0146138241161305
"11","T13","T13_710",8.666746,"2019207_3551.6",2019207,"3551.6",2.065165,60.035408,0.884049634789081,0.115950365210919,20590.8599284065,0.157763743195889,0.0206920097251883
"11","T14","T14_713",22.815507,"2019207_3568.9",2019207,"3568.9",2.000405,60.28458,0.930603124204131,0.069396875795869,20590.8599284065,0.437188887482294,0.0326020213502828
"11","T14","T14_714",49.989447,"2019207_3570.0",2019207,"3570.0",2.037225,60.284756,0.930603124204131,0.069396875795869,20590.8599284065,0.957893713244466,0.0714319878310322
"11","T14","T14_715",29.998763,"2019207_3575.0",2019207,"3575.0",2.2045734,60.2871,0.930603124204131,0.069396875795869,20590.8599284065,0.574833854089458,0.0428664728690041
"11","T14","T14_716",35.004408,"2019207_3580.0",2019207,"3580.0",2.3719215,60.28773,0.930603124204131,0.069396875795869,20590.8599284065,0.670751616016962,0.0500192459878279
"11","T14","T14_717",0,"2019207_3585.0",2019207,"3585.0",2.5354416,60.28275,0.930603124204131,0.069396875795869,20590.8599284065,0,0
"11","T14","T14_718",170.810372,"2019207_3590.0",2019207,"3590.0",2.6984084,60.28841,0.930603124204131,0.069396875795869,20590.8599284065,3.27305444078524,0.244078003385756
"11","T14","T14_719",1039.562271,"2019207_3595.0",2019207,"3595.0",2.8659625,60.288574,0.930603124204131,0.069396875795869,20590.8599284065,19.9200075951438,1.48547351387328
"11","T14","T14_720",51.020817,"2019207_3600.0",2019207,"3600.0",3.032995,60.28713,0.930603124204131,0.069396875795869,20590.8599284065,0.977656741209727,0.0729057550701315
"11","T14","T14_721",0,"2019207_3609.8",2019207,"3609.8",3.1540966,60.287052,0.930603124204131,0.069396875795869,20590.8599284065,0,0
"11","T14","T14_722",26.961204,"2019207_3610.0",2019207,"3610.0",3.1603534,60.28798,0.930603124204131,0.069396875795869,20590.8599284065,0.516628395851259,0.0385259792139324
"11","T14","T14_723",0,"2019207_3618.5",2019207,"3618.5",3.251275,60.29045,0.930603124204131,0.069396875795869,20590.8599284065,0,0
"11","T14","T14_724",29.884661,"2019207_3620.0",2019207,"3620.0",3.3014317,60.290752,0.930603124204131,0.069396875795869,20590.8599284065,0.572647440855708,0.0427034278032026
"11","T14","T14_725",0,"2019207_3625.0",2019207,"3625.0",3.46901,60.29096,0.930603124204131,0.069396875795869,20590.8599284065,0,0
"11","T14","T14_726",15.026226,"2019207_3630.0",2019207,"3630.0",3.63653,60.291473,0.930603124204131,0.069396875795869,20590.8599284065,0.287931319168034,0.0214715956505448
"11","T14","T14_727",5.002908,"2019207_3635.0",2019207,"3635.0",3.8040304,60.29157,0.930603124204131,0.069396875795869,20590.8599284065,0.0958653157563524,0.00714886210635164
"11","T14","T14_728",80.103175,"2019207_3640.0",2019207,"3640.0",3.9715314,60.290115,0.930603124204131,0.069396875795869,20590.8599284065,1.53493051730341,0.114462738942222
"11","T20","T20_875",27.028196,"2019207_4377.5",2019207,"4377.5",2.0000668,61.784798,0.99274062500315,0.00725937499685028,20590.8599284065,0.55249371041575,0.00404008753776587
"11","T20","T20_876",104.312367,"2019207_4380.0",2019207,"4380.0",2.0844133,61.791794,0.99274062500315,0.00725937499685028,20590.8599284065,2.13228906161844,0.0155922760790828
"11","T20","T20_877",0,"2019207_4385.0",2019207,"4385.0",2.250165,61.788208,0.99274062500315,0.00725937499685028,20590.8599284065,0,0
"11","T20","T20_878",0,"2019207_4390.0",2019207,"4390.0",2.4256217,61.790215,0.99274062500315,0.00725937499685028,20590.8599284065,0,0
"11","T20","T20_879",0,"2019207_4395.0",2019207,"4395.0",2.6011233,61.791958,0.99274062500315,0.00725937499685028,20590.8599284065,0,0
"11","T20","T20_880",0,"2019207_4400.0",2019207,"4400.0",2.776585,61.7949,0.99274062500315,0.00725937499685028,20590.8599284065,0,0
"11","T20","T20_881",0,"2019207_4405.0",2019207,"4405.0",2.951515,61.79244,0.99274062500315,0.00725937499685028,20590.8599284065,0,0
"11","T20","T20_882",0,"2019207_4410.0",2019207,"4410.0",3.1269329,61.79111,0.99274062500315,0.00725937499685028,20590.8599284065,0,0
"11","T20","T20_883",4.998077,"2019207_4415.0",2019207,"4415.0",3.3023167,61.79223,0.99274062500315,0.00725937499685028,20590.8599284065,0.102167606993586,0.000747096424803721
"11","T20","T20_884",0,"2019207_4420.0",2019207,"4420.0",3.477716,61.788593,0.99274062500315,0.00725937499685028,20590.8599284065,0,0
"11","T20","T20_885",0,"2019207_4425.0",2019207,"4425.0",3.653311,61.79036,0.99274062500315,0.00725937499685028,20590.8599284065,0,0
"11","T20","T20_886",0,"2019207_4430.0",2019207,"4430.0",3.8286467,61.786938,0.99274062500315,0.00725937499685028,20590.8599284065,0,0
"11","T20","T20_887",0,"2019207_4435.0",2019207,"4435.0",4.0041566,61.789627,0.99274062500315,0.00725937499685028,20590.8599284065,0,0
"11","T20","T20_888",0,"2019207_4440.0",2019207,"4440.0",4.17971,61.787212,0.99274062500315,0.00725937499685028,20590.8599284065,0,0
"11","T20","T20_889",4.999512,"2019207_4445.0",2019207,"4445.0",4.355282,61.78708,0.99274062500315,0.00725937499685028,20590.8599284065,0.102196940378413,0.000747310923974021
"11","T20","T20_890",0,"2019207_4450.0",2019207,"4450.0",4.53082,61.78578,0.99274062500315,0.00725937499685028,20590.8599284065,0,0
"11","T15","T15_747",61.31387,"2019207_3739.6",2019207,"3739.6",3.107085,60.552746,0.945136854780312,0.0548631452196876,20590.8599284065,1.19324029673909,0.0692650120994344
"11","T15","T15_748",24.992949,"2019207_3740.0",2019207,"3740.0",3.0937066,60.55324,0.945136854780312,0.0548631452196876,20590.8599284065,0.486392293964561,0.0282340180922448
"11","T15","T15_749",114.907003,"2019207_3745.0",2019207,"3745.0",2.93668,60.54033,0.945136854780312,0.0548631452196876,20590.8599284065,2.23622593643362,0.129808067132359
"11","T15","T15_750",290.273992,"2019207_3750.0",2019207,"3750.0",2.7679374,60.53934,0.945136854780312,0.0548631452196876,20590.8599284065,5.64907457887946,0.327916531251919
"11","T15","T15_751",15.000748,"2019207_3755.0",2019207,"3755.0",2.5993934,60.539433,0.945136854780312,0.0548631452196876,20590.8599284065,0.291932265812422,0.0169460350769013
"11","T15","T15_752",4.999889,"2019207_3760.0",2019207,"3760.0",2.4326909,60.536785,0.945136854780312,0.0548631452196876,20590.8599284065,0.0973037427587347,0.00564827129784548
"11","T15","T15_753",19.999438,"2019207_3765.0",2019207,"3765.0",2.2642164,60.54015,0.945136854780312,0.0548631452196876,20590.8599284065,0.389212674615629,0.02259295188922
"11","T15","T15_754",55.439933,"2019207_3770.0",2019207,"3770.0",2.0958838,60.535076,0.945136854780312,0.0548631452196876,20590.8599284065,1.07892654800806,0.062629346835175
"11","T16","T16_757",815.934642,"2019207_3788.1",2019207,"3788.1",2.0003574,60.78452,0.994901743215416,0.0050982567845837,20590.8599284065,16.7151411523497,0.0856547718067369
"11","T16","T16_758",916.967493,"2019207_3790.0",2019207,"3790.0",2.0640528,60.787678,0.994901743215416,0.0050982567845837,20590.8599284065,18.7848882602183,0.0962609470466761
"11","T16","T16_759",1072.700269,"2019207_3795.0",2019207,"3795.0",2.1751232,60.786358,0.994901743215416,0.0050982567845837,20590.8599284065,21.9752116009538,0.112609383189077
"11","T16","T16_760",392.778627,"2019207_3800.0",2019207,"3800.0",2.3451967,60.786556,0.994901743215416,0.0050982567845837,20590.8599284065,8.04641677651814,0.0412329149106632
"11","T16","T16_802",7.613816,"2019207_4010.0",2019207,"4010.0",2.4130533,60.788155,0.994901743215416,0.0050982567845837,20590.8599284065,0.155975739473529,0.000799279303131344
"11","T16","T16_803",86.748281,"2019207_4017.9",2019207,"4017.9",2.51823,60.78787,0.994901743215416,0.0050982567845837,20590.8599284065,1.77711508618444,0.00910661691660555
"11","T16","T16_804",4.9993912,"2019207_4020.0",2019207,"4020.0",2.589333,60.788834,0.994901743215416,0.0050982567845837,20590.8599284065,0.102416940380153,0.000524823546355333
"11","T16","T16_805",0,"2019207_4025.0",2019207,"4025.0",2.7594664,60.78908,0.994901743215416,0.0050982567845837,20590.8599284065,0,0
"11","T16","T16_806",0,"2019207_4030.0",2019207,"4030.0",2.9294417,60.79016,0.994901743215416,0.0050982567845837,20590.8599284065,0,0
"11","T16","T16_807",12.694908,"2019207_4038.1",2019207,"4038.1",3.0256484,60.79023,0.994901743215416,0.0050982567845837,20590.8599284065,0.260066392837496,0.00133267959451036
"11","T16","T16_808",9.807834,"2019207_4040.0",2019207,"4040.0",3.0903554,60.790188,0.994901743215416,0.0050982567845837,20590.8599284065,0.200922134286357,0.00102960180870511
"11","T16","T16_809",4.998834,"2019207_4045.0",2019207,"4045.0",3.260414,60.790504,0.994901743215416,0.0050982567845837,20590.8599284065,0.102405525646459,0.000524765052897163
"11","T16","T16_810",0,"2019207_4050.0",2019207,"4050.0",3.4304595,60.790943,0.994901743215416,0.0050982567845837,20590.8599284065,0,0
"11","T16","T16_811",5.000183,"2019207_4055.0",2019207,"4055.0",3.4824278,60.78804,0.994901743215416,0.0050982567845837,20590.8599284065,0.102433161101866,0.000524906667532968
"11","T16","T16_812",0,"2019207_4060.0",2019207,"4060.0",3.6481934,60.791264,0.994901743215416,0.0050982567845837,20590.8599284065,0,0
"11","T16","T16_813",0,"2019207_4065.0",2019207,"4065.0",3.8182268,60.790253,0.994901743215416,0.0050982567845837,20590.8599284065,0,0
"11","T16","T16_814",0,"2019207_4070.0",2019207,"4070.0",3.9880795,60.78754,0.994901743215416,0.0050982567845837,20590.8599284065,0,0
"11","T16","T16_815",0,"2019207_4075.0",2019207,"4075.0",4.1579356,60.7834,0.994901743215416,0.0050982567845837,20590.8599284065,0,0
"11","T16","T16_816",0,"2019207_4080.0",2019207,"4080.0",4.327855,60.784298,0.994901743215416,0.0050982567845837,20590.8599284065,0,0
"11","T17","T17_820",0,"2019207_4103.4",2019207,"4103.4",4.3631516,61.035233,0.99274062500315,0.00725937499685028,20590.8599284065,0,0
"11","T17","T17_821",0,"2019207_4105.0",2019207,"4105.0",4.308447,61.035995,0.99274062500315,0.00725937499685028,20590.8599284065,0,0
"11","T17","T17_822",39.955585,"2019207_4110.0",2019207,"4110.0",4.1371517,61.0368,0.99274062500315,0.00725937499685028,20590.8599284065,0.816747422154326,0.00597243193821168
"11","T17","T17_823",0,"2019207_4115.0",2019207,"4115.0",3.96588,61.038654,0.99274062500315,0.00725937499685028,20590.8599284065,0,0
"11","T17","T17_824",0,"2019207_4120.0",2019207,"4120.0",3.794582,61.04035,0.99274062500315,0.00725937499685028,20590.8599284065,0,0
"11","T17","T17_825",0,"2019207_4125.0",2019207,"4125.0",3.6232789,61.04141,0.99274062500315,0.00725937499685028,20590.8599284065,0,0
"11","T17","T17_826",0,"2019207_4130.0",2019207,"4130.0",3.45502,61.03939,0.99274062500315,0.00725937499685028,20590.8599284065,0,0
"11","T17","T17_827",4.999799,"2019207_4135.0",2019207,"4135.0",3.283525,61.039997,0.99274062500315,0.00725937499685028,20590.8599284065,0.102202807055379,0.000747353823808081
"11","T17","T17_828",14.946389,"2019207_4140.0",2019207,"4140.0",3.11213,61.040733,0.99274062500315,0.00725937499685028,20590.8599284065,0.305524864327873,0.00223413800660247
"11","T17","T17_829",29.978286,"2019207_4145.0",2019207,"4145.0",2.941465,61.043118,0.99274062500315,0.00725937499685028,20590.8599284065,0.612797630446535,0.00448105747317287
"11","T17","T17_830",49.974417,"2019207_4150.0",2019207,"4150.0",2.7740097,61.060425,0.99274062500315,0.00725937499685028,20590.8599284065,1.02154620582868,0.00747001462209372
"11","T17","T17_831",57.372435,"2019207_4155.0",2019207,"4155.0",2.6029634,61.05686,0.99274062500315,0.00725937499685028,20590.8599284065,1.17277192635189,0.0085758464847148
"11","T17","T17_832",0.42743,"2019207_4164.8",2019207,"4164.8",2.4472039,61.038097,0.99274062500315,0.00725937499685028,20590.8599284065,0.00873726040180424,6.38908573945249e-05
"11","T17","T17_833",159.076437,"2019207_4165.0",2019207,"4165.0",2.437915,61.036434,0.99274062500315,0.00725937499685028,20590.8599284065,3.25174239959808,0.0237782325788927
"11","T17","T17_834",118.502746,"2019207_4170.0",2019207,"4170.0",2.2692883,61.035534,0.99274062500315,0.00725937499685028,20590.8599284065,2.42236003586755,0.0177134081499792
"11","T17","T17_835",183.06818,"2019207_4175.0",2019207,"4175.0",2.112768,61.034466,0.99274062500315,0.00725937499685028,20590.8599284065,3.74216681080966,0.0273644409186421
"11","T18","T18_838",0.328385,"2019207_4193.6",2019207,"4193.6",2.002895,61.2849,0.99274062500315,0.00725937499685028,20590.8599284065,0.00671264360724911,4.9085930340643e-05
"11","T18","T18_839",2.6365244,"2019207_4198.2",2019207,"4198.2",2.0173366,61.285286,0.99274062500315,0.00725937499685028,20590.8599284065,0.0538942054570589,0.00039409916116694
"11","T18","T18_840",55.031668,"2019207_4200.0",2019207,"4200.0",2.0796182,61.286182,0.99274062500315,0.00725937499685028,20590.8599284065,1.12492341122906,0.00822595618550602
"11","T18","T18_841",88.954469,"2019207_4207.9",2019207,"4207.9",2.0861816,61.283997,0.99274062500315,0.00725937499685028,20590.8599284065,1.81835238414997,0.0132966270348003
"11","T18","T18_842",48.257622,"2019207_4210.0",2019207,"4210.0",2.152805,61.29123,0.99274062500315,0.00725937499685028,20590.8599284065,0.986452541435644,0.0072133936443415
"11","T18","T18_843",74.987348,"2019207_4215.0",2019207,"4215.0",2.281565,61.286743,0.99274062500315,0.00725937499685028,20590.8599284065,1.53284511222122,0.0112088668494528
"11","T18","T18_844",0,"2019207_4220.0",2019207,"4220.0",2.454275,61.287605,0.99274062500315,0.00725937499685028,20590.8599284065,0,0
"11","T9","T9_593",17.942517,"2019207_2965.6",2019207,"2965.6",5.1667666,59.034134,0.764658078358013,0.235341921641987,20590.8599284065,0.282504344962529,0.0869475093475228
"11","T9","T9_594",0,"2019207_2970.0",2019207,"2970.0",5.0249968,59.036457,0.764658078358013,0.235341921641987,20590.8599284065,0,0
"11","T9","T9_595",2143.089665,"2019207_2975.0",2019207,"2975.0",4.8636665,59.037968,0.764658078358013,0.235341921641987,20590.8599284065,33.7428768776861,10.3851822283444
"11","T9","T9_596",0,"2019207_2980.6",2019207,"2980.6",4.7071996,59.037094,0.764658078358013,0.235341921641987,20590.8599284065,0,0
"11","T9","T9_597",0,"2019207_2985.0",2019207,"2985.0",4.5666456,59.040886,0.764658078358013,0.235341921641987,20590.8599284065,0,0
"11","T9","T9_598",0,"2019207_2990.0",2019207,"2990.0",4.4053283,59.042583,0.764658078358013,0.235341921641987,20590.8599284065,0,0
"11","T9","T9_599",0,"2019207_2995.0",2019207,"2995.0",4.2440534,59.043865,0.764658078358013,0.235341921641987,20590.8599284065,0,0
"11","T9","T9_600",0,"2019207_3000.0",2019207,"3000.0",4.0828867,59.04439,0.764658078358013,0.235341921641987,20590.8599284065,0,0
"11","T9","T9_601",0,"2019207_3005.0",2019207,"3005.0",3.92168,59.045544,0.764658078358013,0.235341921641987,20590.8599284065,0,0
"11","T9","T9_602",0,"2019207_3010.0",2019207,"3010.0",3.760492,59.04477,0.764658078358013,0.235341921641987,20590.8599284065,0,0
"11","T9","T9_603",0,"2019207_3015.0",2019207,"3015.0",3.599325,59.044075,0.764658078358013,0.235341921641987,20590.8599284065,0,0
"11","T9","T9_604",0,"2019207_3021.8",2019207,"3021.8",3.5498466,59.043957,0.764658078358013,0.235341921641987,20590.8599284065,0,0
"11","T9","T9_605",0,"2019207_3025.0",2019207,"3025.0",3.4457834,59.044,0.764658078358013,0.235341921641987,20590.8599284065,0,0
"11","T9","T9_606",0,"2019207_3030.0",2019207,"3030.0",3.2844281,59.044235,0.764658078358013,0.235341921641987,20590.8599284065,0,0
"11","T9","T9_607",0,"2019207_3035.0",2019207,"3035.0",3.1232667,59.043293,0.764658078358013,0.235341921641987,20590.8599284065,0,0
"11","T9","T9_608",0,"2019207_3040.0",2019207,"3040.0",2.962,59.0421,0.764658078358013,0.235341921641987,20590.8599284065,0,0
"11","T9","T9_609",0,"2019207_3046.4",2019207,"3046.4",2.9382033,59.041275,0.764658078358013,0.235341921641987,20590.8599284065,0,0
"11","T9","T9_610",79.81488,"2019207_3050.0",2019207,"3050.0",2.8314717,59.04043,0.764658078358013,0.235341921641987,20590.8599284065,1.25668268240531,0.386774331877262
"11","T9","T9_611",60.01501,"2019207_3055.0",2019207,"3055.0",2.6703653,59.041756,0.764658078358013,0.235341921641987,20590.8599284065,0.944934375036101,0.290826289475812
"11","T9","T9_612",14.998845,"2019207_3060.0",2019207,"3060.0",2.5091734,59.03998,0.764658078358013,0.235341921641987,20590.8599284065,0.236156325331585,0.0726827911512942
"11","T9","T9_613",0,"2019207_3065.0",2019207,"3065.0",2.3479967,59.041866,0.764658078358013,0.235341921641987,20590.8599284065,0,0
"11","T9","T9_614",49.966821,"2019207_3070.0",2019207,"3070.0",2.1867516,59.038265,0.764658078358013,0.235341921641987,20590.8599284065,0.786725966956861,0.242133845321897
"11","T9","T9_615",3.978523,"2019207_3075.0",2019207,"3075.0",2.0254917,59.036404,0.764658078358013,0.235341921641987,20590.8599284065,0.0626417148738583,0.0192794949410852
"141","T1","T1_319",3.054334,"2019207_1597.0",2019207,"1597.0",6.0018682,56.7183,0.012566470910687,0.987433529089313,69050.2512089153,0.00265030050793284,0.208252229467998
"141","T1","T1_320",197.674911,"2019207_1600.0",2019207,"1600.0",5.911845,56.71924,0.012566470910687,0.987433529089313,69050.2512089153,0.171526073123921,13.477976189126
"141","T1","T1_322",503.500195,"2019207_1610.4",2019207,"1610.4",5.7742414,56.721783,0.012566470910687,0.987433529089313,69050.2512089153,0.436896168707411,34.3299187797804
"141","T1","T1_323",119.91709,"2019207_1615.0",2019207,"1615.0",5.63507,56.72408,0.012566470910687,0.987433529089313,69050.2512089153,0.104054214285938,8.17625097445616
"141","T1","T1_324",1251.071661,"2019207_1620.0",2019207,"1620.0",5.484345,56.7276,0.012566470910687,0.987433529089313,69050.2512089153,1.08557736600145,85.3012351064034
"141","T1","T1_325",1427.85167,"2019207_1625.0",2019207,"1625.0",5.334318,56.72564,0.012566470910687,0.987433529089313,69050.2512089153,1.23897255711188,97.3545439454573
"141","T1","T1_326",235.112742,"2019207_1630.0",2019207,"1630.0",5.2168617,56.72653,0.012566470910687,0.987433529089313,69050.2512089153,0.204011551959963,16.0305823455569
"141","T1","T1_327",305.131816,"2019207_1635.0",2019207,"1635.0",5.065797,56.72869,0.012566470910687,0.987433529089313,69050.2512089153,0.264768360936056,20.8046601856965
"141","T1","T1_328",15.003523,"2019207_1640.0",2019207,"1640.0",4.9146075,56.731064,0.012566470910687,0.987433529089313,69050.2512089153,0.0130188265683065,1.02297820560043
"141","T1","T1_329",0,"2019207_1645.0",2019207,"1645.0",4.763322,56.731346,0.012566470910687,0.987433529089313,69050.2512089153,0,0
"141","T1","T1_330",0,"2019207_1650.0",2019207,"1650.0",4.61214,56.733433,0.012566470910687,0.987433529089313,69050.2512089153,0,0
"141","T1","T1_331",0,"2019207_1655.0",2019207,"1655.0",4.4609118,56.735176,0.012566470910687,0.987433529089313,69050.2512089153,0,0
"141","T1","T1_332",0,"2019207_1660.0",2019207,"1660.0",4.3095164,56.736267,0.012566470910687,0.987433529089313,69050.2512089153,0,0
"141","T1","T1_333",0,"2019207_1669.7",2019207,"1669.7",4.160377,56.736633,0.012566470910687,0.987433529089313,69050.2512089153,0,0
"141","T1","T1_334",0,"2019207_1670.0",2019207,"1670.0",4.151174,56.736794,0.012566470910687,0.987433529089313,69050.2512089153,0,0
"141","T1","T1_335",0,"2019207_1675.0",2019207,"1675.0",3.9999502,56.737244,0.012566470910687,0.987433529089313,69050.2512089153,0,0
"141","T1","T1_336",0,"2019207_1680.0",2019207,"1680.0",3.8489683,56.73586,0.012566470910687,0.987433529089313,69050.2512089153,0,0
"141","T1","T1_337",0,"2019207_1685.0",2019207,"1685.0",3.6978333,56.73248,0.012566470910687,0.987433529089313,69050.2512089153,0,0
"141","T1","T1_338",0,"2019207_1690.0",2019207,"1690.0",3.5468717,56.732037,0.012566470910687,0.987433529089313,69050.2512089153,0,0
"141","T1","T1_339",0,"2019207_1697.2",2019207,"1697.2",3.461775,56.732674,0.012566470910687,0.987433529089313,69050.2512089153,0,0
"141","T1","T1_340",0,"2019207_1700.0",2019207,"1700.0",3.3770316,56.732265,0.012566470910687,0.987433529089313,69050.2512089153,0,0
"141","T1","T1_341",0,"2019207_1705.0",2019207,"1705.0",3.2258184,56.73015,0.012566470910687,0.987433529089313,69050.2512089153,0,0
"141","T1","T1_342",0,"2019207_1710.0",2019207,"1710.0",3.0745432,56.7284,0.012566470910687,0.987433529089313,69050.2512089153,0,0
"141","T1","T1_343",0,"2019207_1715.0",2019207,"1715.0",2.923204,56.728683,0.012566470910687,0.987433529089313,69050.2512089153,0,0
"141","T1","T1_344",0,"2019207_1720.0",2019207,"1720.0",2.7719567,56.72833,0.012566470910687,0.987433529089313,69050.2512089153,0,0
"141","T1","T1_345",0,"2019207_1725.9",2019207,"1725.9",2.6297617,56.72605,0.012566470910687,0.987433529089313,69050.2512089153,0,0
"141","T1","T1_346",0,"2019207_1730.0",2019207,"1730.0",2.5056934,56.726936,0.012566470910687,0.987433529089313,69050.2512089153,0,0
"141","T1","T1_347",0,"2019207_1737.9",2019207,"1737.9",2.4461982,56.722744,0.012566470910687,0.987433529089313,69050.2512089153,0,0
"141","T1","T1_348",0,"2019207_1740.0",2019207,"1740.0",2.3826566,56.721157,0.012566470910687,0.987433529089313,69050.2512089153,0,0
"141","T1","T1_349",34.999146,"2019207_1745.0",2019207,"1745.0",2.2316866,56.716427,0.012566470910687,0.987433529089313,69050.2512089153,0.0303693880305872,2.38633043536692
"141","T1","T1_350",21.463364,"2019207_1750.0",2019207,"1750.0",2.0817034,56.71938,0.012566470910687,0.987433529089313,69050.2512089153,0.0186241467079721,1.46342652928042
"141","T21","T21_466",13.976721,"2019207_2331.7",2019207,"2331.7",5.4001565,57.975193,0,1,69050.2512089153,0,0.965096096126922
"141","T21","T21_467",0,"2019207_2335.0",2019207,"2335.0",5.296972,57.9767,0,1,69050.2512089153,0,0
"141","T21","T21_468",4.048106,"2019207_2340.0",2019207,"2340.0",5.140524,57.97792,0,1,69050.2512089153,0,0.279522736220317
"141","T21","T21_469",7.293347,"2019207_2346.8",2019207,"2346.8",5.0717983,57.977993,0,1,69050.2512089153,0,0.503607442503789
"141","T21","T21_470",79.921632,"2019207_2350.0",2019207,"2350.0",4.9719567,57.97965,0,1,69050.2512089153,0,5.51860876662648
"141","T21","T21_471",9.998738,"2019207_2355.0",2019207,"2355.0",4.815843,57.97915,0,1,69050.2512089153,0,0.690415370672127
"141","T21","T21_472",40.003721,"2019207_2360.0",2019207,"2360.0",4.66083,57.981937,0,1,69050.2512089153,0,2.76226698434136
"141","T21","T21_473",4.384778,"2019207_2365.0",2019207,"2365.0",4.50441,57.97981,0,1,69050.2512089153,0,0.302770022395325
"141","T21","T21_475",14992.796718,"2019207_2376.9",2019207,"2376.9",4.383395,57.982815,0,1,69050.2512089153,0,1035.2563797021
"141","T21","T21_476",23568.756808,"2019207_2380.0",2019207,"2380.0",4.2863336,57.982483,0,1,69050.2512089153,0,1627.42857827423
"141","T21","T21_477",245.731995,"2019207_2389.5",2019207,"2389.5",4.2153583,57.983704,0,1,69050.2512089153,0,16.9678559848179
"141","T21","T21_478",9490.028716,"2019207_2390.0",2019207,"2390.0",4.199712,57.983536,0,1,69050.2512089153,0,655.28886681962
"141","T21","T21_480",29915.0507574,"2019207_2400.2",2019207,"2400.2",4.043697,57.982796,0,1,69050.2512089153,0,2065.64176972592
"141","T21","T21_481",12502.2189378,"2019207_2407.5",2019207,"2407.5",3.9561088,57.983063,0,1,69050.2512089153,0,863.281358323948
"141","T21","T21_482",9170.500508,"2019207_2410.0",2019207,"2410.0",3.8779042,57.982952,0,1,69050.2512089153,0,633.225363788885
"141","T21","T21_484",467.00416648,"2019207_2422.8",2019207,"2422.8",3.8346117,57.9829,0,1,69050.2512089153,0,32.2467550110541
"141","T21","T21_485",0,"2019207_2425.0",2019207,"2425.0",3.7656684,57.98422,0,1,69050.2512089153,0,0
"141","T21","T21_486",0,"2019207_2430.0",2019207,"2430.0",3.6091034,57.983284,0,1,69050.2512089153,0,0
"141","T21","T21_487",0,"2019207_2435.0",2019207,"2435.0",3.452539,57.981346,0,1,69050.2512089153,0,0
"141","T21","T21_488",0,"2019207_2440.0",2019207,"2440.0",3.2959466,57.980907,0,1,69050.2512089153,0,0
"141","T21","T21_489",5.00047,"2019207_2445.0",2019207,"2445.0",3.1393282,57.979156,0,1,69050.2512089153,0,0.345283709662645
"141","T21","T21_490",0,"2019207_2450.0",2019207,"2450.0",2.9829516,57.977512,0,1,69050.2512089153,0,0
"141","T21","T21_491",0,"2019207_2455.0",2019207,"2455.0",2.8264143,57.97625,0,1,69050.2512089153,0,0
"141","T21","T21_492",0,"2019207_2460.0",2019207,"2460.0",2.6698883,57.977165,0,1,69050.2512089153,0,0
"141","T21","T21_493",0,"2019207_2465.0",2019207,"2465.0",2.5134215,57.97618,0,1,69050.2512089153,0,0
"141","T21","T21_494",0,"2019207_2470.0",2019207,"2470.0",2.3569698,57.973003,0,1,69050.2512089153,0,0
"141","T21","T21_495",0,"2019207_2475.0",2019207,"2475.0",2.2004216,57.972588,0,1,69050.2512089153,0,0
"141","T21","T21_496",0,"2019207_2480.0",2019207,"2480.0",2.0438683,57.972237,0,1,69050.2512089153,0,0
"141","T3","T3_387",0,"2019207_1938.8",2019207,"1938.8",6.0012665,57.34313,0.0530814495827158,0.946918550417284,69050.2512089153,0,0
"141","T3","T3_388",0,"2019207_1940.0",2019207,"1940.0",5.964492,57.343864,0.0530814495827158,0.946918550417284,69050.2512089153,0,0
"141","T3","T3_389",0,"2019207_1945.0",2019207,"1945.0",5.810501,57.34475,0.0530814495827158,0.946918550417284,69050.2512089153,0,0
"141","T3","T3_390",0,"2019207_1950.0",2019207,"1950.0",5.6570816,57.35021,0.0530814495827158,0.946918550417284,69050.2512089153,0,0
"141","T3","T3_391",0,"2019207_1955.0",2019207,"1955.0",5.5033984,57.35043,0.0530814495827158,0.946918550417284,69050.2512089153,0,0
"141","T3","T3_392",0,"2019207_1960.0",2019207,"1960.0",5.349725,57.35245,0.0530814495827158,0.946918550417284,69050.2512089153,0,0
"141","T3","T3_393",0,"2019207_1968.9",2019207,"1968.9",5.2555966,57.352398,0.0530814495827158,0.946918550417284,69050.2512089153,0,0
"141","T3","T3_394",0,"2019207_1970.0",2019207,"1970.0",5.22178,57.352924,0.0530814495827158,0.946918550417284,69050.2512089153,0,0
"141","T3","T3_395",115.00836,"2019207_1975.0",2019207,"1975.0",5.0679336,57.354008,0.0530814495827158,0.946918550417284,69050.2512089153,0.421538696048188,7.51981745307718
"141","T3","T3_396",0,"2019207_1980.0",2019207,"1980.0",4.9141617,57.354908,0.0530814495827158,0.946918550417284,69050.2512089153,0,0
"141","T3","T3_397",9.962315,"2019207_1985.0",2019207,"1985.0",4.7602468,57.35554,0.0530814495827158,0.946918550417284,69050.2512089153,0.0365147479254665,0.651385605446878
"141","T3","T3_398",15.001659,"2019207_1990.0",2019207,"1990.0",4.619692,57.357357,0.0530814495827158,0.946918550417284,69050.2512089153,0.0549853921351419,0.980882930365343
"141","T3","T3_399",9.998434,"2019207_1995.0",2019207,"1995.0",4.4659724,57.360077,0.0530814495827158,0.946918550417284,69050.2512089153,0.0366471344420864,0.653747244953673
"141","T3","T3_400",70.003303,"2019207_2000.0",2019207,"2000.0",4.31232,57.357216,0.0530814495827158,0.946918550417284,69050.2512089153,0.256582226419768,4.57716343118404
"141","T3","T3_401",520.443593,"2019207_2005.0",2019207,"2005.0",4.1660733,57.342907,0.0530814495827158,0.946918550417284,69050.2512089153,1.90757535852049,34.0291854782
"141","T3","T3_402",99.899719,"2019207_2010.0",2019207,"2010.0",4.035065,57.359085,0.0530814495827158,0.946918550417284,69050.2512089153,0.3661611841334,6.53193950851665
"141","T3","T3_403",0,"2019207_2015.0",2019207,"2015.0",3.881145,57.35873,0.0530814495827158,0.946918550417284,69050.2512089153,0,0
"141","T3","T3_404",0,"2019207_2020.0",2019207,"2020.0",3.727305,57.359642,0.0530814495827158,0.946918550417284,69050.2512089153,0,0
"141","T3","T3_405",0,"2019207_2025.0",2019207,"2025.0",3.5735383,57.35919,0.0530814495827158,0.946918550417284,69050.2512089153,0,0
"141","T3","T3_406",0,"2019207_2030.0",2019207,"2030.0",3.4196234,57.35926,0.0530814495827158,0.946918550417284,69050.2512089153,0,0
"141","T3","T3_407",0,"2019207_2035.0",2019207,"2035.0",3.2657166,57.358566,0.0530814495827158,0.946918550417284,69050.2512089153,0,0
"141","T3","T3_408",0,"2019207_2040.0",2019207,"2040.0",3.1120133,57.35662,0.0530814495827158,0.946918550417284,69050.2512089153,0,0
"141","T3","T3_409",0,"2019207_2045.0",2019207,"2045.0",2.9581194,57.355564,0.0530814495827158,0.946918550417284,69050.2512089153,0,0
"141","T3","T3_410",70.029465,"2019207_2050.0",2019207,"2050.0",2.804515,57.353973,0.0530814495827158,0.946918550417284,69050.2512089153,0.256678117669465,4.57887403260647
"141","T3","T3_411",45.012793,"2019207_2055.0",2019207,"2055.0",2.6507533,57.35251,0.0530814495827158,0.946918550417284,69050.2512089153,0.164984824291965,2.94315983997294
"141","T3","T3_412",45.002802,"2019207_2060.0",2019207,"2060.0",2.4973433,57.351135,0.0530814495827158,0.946918550417284,69050.2512089153,0.164948204405269,2.94250657879981
"141","T3","T3_413",9.999336,"2019207_2065.0",2019207,"2065.0",2.3438532,57.348156,0.0530814495827158,0.946918550417284,69050.2512089153,0.0366504405313466,0.653806222191003
"141","T3","T3_414",14.999382,"2019207_2070.0",2019207,"2070.0",2.1901965,57.34589,0.0530814495827158,0.946918550417284,69050.2512089153,0.0549770462756678,0.980734048802814
"141","T3","T3_415",18.460701,"2019207_2075.0",2019207,"2075.0",2.0366783,57.344025,0.0530814495827158,0.946918550417284,69050.2512089153,0.0676637752914265,1.20705226625125
"141","T4","T4_419",0,"2019207_2095.6",2019207,"2095.6",1.9993839,57.65633,0.10151805286338,0.89848194713662,69050.2512089153,0,0
"141","T4","T4_420",0,"2019207_2100.0",2019207,"2100.0",2.135555,57.658344,0.10151805286338,0.89848194713662,69050.2512089153,0,0
"141","T4","T4_421",0,"2019207_2105.0",2019207,"2105.0",2.2906067,57.65856,0.10151805286338,0.89848194713662,69050.2512089153,0,0
"141","T4","T4_422",0,"2019207_2110.0",2019207,"2110.0",2.445495,57.662205,0.10151805286338,0.89848194713662,69050.2512089153,0,0
"141","T4","T4_423",0,"2019207_2115.0",2019207,"2115.0",2.6004233,57.663425,0.10151805286338,0.89848194713662,69050.2512089153,0,0
"141","T4","T4_424",0,"2019207_2120.0",2019207,"2120.0",2.7554,57.664413,0.10151805286338,0.89848194713662,69050.2512089153,0,0
"141","T4","T4_425",0,"2019207_2125.0",2019207,"2125.0",2.9104517,57.66509,0.10151805286338,0.89848194713662,69050.2512089153,0,0
"141","T4","T4_426",0,"2019207_2130.0",2019207,"2130.0",3.0654533,57.665855,0.10151805286338,0.89848194713662,69050.2512089153,0,0
"141","T4","T4_427",0,"2019207_2135.0",2019207,"2135.0",3.2203083,57.67062,0.10151805286338,0.89848194713662,69050.2512089153,0,0
"141","T4","T4_428",0,"2019207_2140.0",2019207,"2140.0",3.3754268,57.67101,0.10151805286338,0.89848194713662,69050.2512089153,0,0
"141","T4","T4_429",0,"2019207_2145.0",2019207,"2145.0",3.530415,57.67179,0.10151805286338,0.89848194713662,69050.2512089153,0,0
"141","T4","T4_430",0,"2019207_2150.0",2019207,"2150.0",3.6853683,57.67254,0.10151805286338,0.89848194713662,69050.2512089153,0,0
"141","T4","T4_431",0,"2019207_2155.0",2019207,"2155.0",3.8403316,57.67189,0.10151805286338,0.89848194713662,69050.2512089153,0,0
"141","T4","T4_432",10.001532,"2019207_2160.0",2019207,"2160.0",3.9954333,57.672333,0.10151805286338,0.89848194713662,69050.2512089153,0.0701092096102479,0.620499087463757
"141","T2","T2_354",0,"2019207_1771.8",2019207,"1771.8",1.99946,57.030113,0.0347670481584416,0.965232951841558,69050.2512089153,0,0
"141","T2","T2_356",0,"2019207_1783.9",2019207,"1783.9",2.0824642,57.033554,0.0347670481584416,0.965232951841558,69050.2512089153,0,0
"141","T2","T2_357",0,"2019207_1785.0",2019207,"1785.0",2.11591,57.033398,0.0347670481584416,0.965232951841558,69050.2512089153,0,0
"141","T2","T2_358",0,"2019207_1790.0",2019207,"1790.0",2.268245,57.03541,0.0347670481584416,0.965232951841558,69050.2512089153,0,0
"141","T2","T2_359",25.018633,"2019207_1795.0",2019207,"1795.0",2.4206443,57.037216,0.0347670481584416,0.965232951841558,69050.2512089153,0.0600615669759535,1.6674813265777
"141","T2","T2_360",0,"2019207_1800.0",2019207,"1800.0",2.5712783,57.03035,0.0347670481584416,0.965232951841558,69050.2512089153,0,0
"141","T2","T2_361",0,"2019207_1805.0",2019207,"1805.0",2.7032633,57.036247,0.0347670481584416,0.965232951841558,69050.2512089153,0,0
"141","T2","T2_362",0,"2019207_1810.0",2019207,"1810.0",2.8554783,57.040886,0.0347670481584416,0.965232951841558,69050.2512089153,0,0
"141","T2","T2_363",0,"2019207_1815.0",2019207,"1815.0",2.9925194,57.04388,0.0347670481584416,0.965232951841558,69050.2512089153,0,0
"141","T2","T2_364",0,"2019207_1820.0",2019207,"1820.0",3.1448216,57.04483,0.0347670481584416,0.965232951841558,69050.2512089153,0,0
"141","T2","T2_365",0,"2019207_1825.0",2019207,"1825.0",3.2973266,57.045704,0.0347670481584416,0.965232951841558,69050.2512089153,0,0
"141","T2","T2_366",0,"2019207_1830.0",2019207,"1830.0",3.4496734,57.04532,0.0347670481584416,0.965232951841558,69050.2512089153,0,0
"141","T2","T2_367",0,"2019207_1835.0",2019207,"1835.0",3.6020484,57.04706,0.0347670481584416,0.965232951841558,69050.2512089153,0,0
"141","T2","T2_368",0,"2019207_1840.0",2019207,"1840.0",3.754305,57.046677,0.0347670481584416,0.965232951841558,69050.2512089153,0,0
"141","T2","T2_369",0,"2019207_1845.0",2019207,"1845.0",3.9067364,57.04675,0.0347670481584416,0.965232951841558,69050.2512089153,0,0
"141","T2","T2_370",0,"2019207_1850.0",2019207,"1850.0",4.0591636,57.04731,0.0347670481584416,0.965232951841558,69050.2512089153,0,0
"141","T2","T2_371",0,"2019207_1855.0",2019207,"1855.0",4.2117085,57.046413,0.0347670481584416,0.965232951841558,69050.2512089153,0,0
"141","T2","T2_372",0,"2019207_1860.0",2019207,"1860.0",4.364105,57.046093,0.0347670481584416,0.965232951841558,69050.2512089153,0,0
"141","T2","T2_373",0,"2019207_1865.0",2019207,"1865.0",4.5166183,57.045395,0.0347670481584416,0.965232951841558,69050.2512089153,0,0
"141","T2","T2_374",0,"2019207_1870.0",2019207,"1870.0",4.6690617,57.04524,0.0347670481584416,0.965232951841558,69050.2512089153,0,0
"141","T2","T2_375",0,"2019207_1875.0",2019207,"1875.0",4.8214664,57.043907,0.0347670481584416,0.965232951841558,69050.2512089153,0,0
"141","T2","T2_376",0,"2019207_1883.3",2019207,"1883.3",4.90514,57.044407,0.0347670481584416,0.965232951841558,69050.2512089153,0,0
"141","T2","T2_377",0,"2019207_1885.0",2019207,"1885.0",4.9568615,57.043427,0.0347670481584416,0.965232951841558,69050.2512089153,0,0
"141","T2","T2_378",0,"2019207_1890.0",2019207,"1890.0",5.109357,57.041843,0.0347670481584416,0.965232951841558,69050.2512089153,0,0
"141","T2","T2_379",0,"2019207_1895.0",2019207,"1895.0",5.2618465,57.040234,0.0347670481584416,0.965232951841558,69050.2512089153,0,0
"141","T2","T2_380",0,"2019207_1900.0",2019207,"1900.0",5.414235,57.038315,0.0347670481584416,0.965232951841558,69050.2512089153,0,0
"141","T2","T2_381",0,"2019207_1905.0",2019207,"1905.0",5.56658,57.03592,0.0347670481584416,0.965232951841558,69050.2512089153,0,0
"141","T2","T2_382",0,"2019207_1910.0",2019207,"1910.0",5.710942,57.033497,0.0347670481584416,0.965232951841558,69050.2512089153,0,0
"141","T2","T2_383",0,"2019207_1915.0",2019207,"1915.0",5.8633165,57.031834,0.0347670481584416,0.965232951841558,69050.2512089153,0,0
"141","T6","T6_517",0,"2019207_2585.0",2019207,"2585.0",4.2675614,58.294956,0.610995461692923,0.389004538307077,69050.2512089153,0,0
"141","T6","T6_518",11.108108,"2019207_2591.1",2019207,"2591.1",4.3071547,58.29522,0.610995461692923,0.389004538307077,69050.2512089153,0.468644301878251,0.298373345977511
"141","T6","T6_519",10.0815836,"2019207_2595.0",2019207,"2595.0",4.4303217,58.29392,0.610995461692923,0.389004538307077,69050.2512089153,0.425335863501617,0.270800016662063
"141","T6","T6_520",1232.886699,"2019207_2600.0",2019207,"2600.0",4.58824,58.293716,0.610995461692923,0.389004538307077,69050.2512089153,52.0147379146688,33.1163983634115
"141","T6","T6_521",10.917444,"2019207_2605.0",2019207,"2605.0",4.74606,58.290844,0.610995461692923,0.389004538307077,69050.2512089153,0.460600304000906,0.293251946758359
"141","T6","T6_522",627.772815,"2019207_2611.4",2019207,"2611.4",4.832105,58.289417,0.610995461692923,0.389004538307077,69050.2512089153,26.4853521971356,16.8625183807423
"141","T6","T6_523",12.349691,"2019207_2615.0",2019207,"2615.0",4.945471,58.29236,0.610995461692923,0.389004538307077,69050.2512089153,0.521025931428387,0.331723334474093
"141","T6","T6_524",0,"2019207_2624.6",2019207,"2624.6",5.019783,58.293015,0.610995461692923,0.389004538307077,69050.2512089153,0,0
"141","T6","T6_525",1408.813213,"2019207_2625.0",2019207,"2625.0",5.030845,58.29099,0.610995461692923,0.389004538307077,69050.2512089153,59.4369702458096,37.8419360182794
"141","T6","T6_526",545.961721,"2019207_2630.0",2019207,"2630.0",5.1887965,58.28948,0.610995461692923,0.389004538307077,69050.2512089153,23.033792036438,14.6650019490637
"141","T6","T6_527",522.613369,"2019207_2635.0",2019207,"2635.0",5.346595,58.28803,0.610995461692923,0.389004538307077,69050.2512089153,22.0487393053115,14.037845109276
"141","T6","T6_528",75.191325,"2019207_2640.0",2019207,"2640.0",5.504313,58.286354,0.610995461692923,0.389004538307077,69050.2512089153,3.17227614386947,2.01970373611172
"141","T6","T6_529",0,"2019207_2645.0",2019207,"2645.0",5.6619678,58.285473,0.610995461692923,0.389004538307077,69050.2512089153,0,0
"141","T6","T6_530",48.653657,"2019207_2650.0",2019207,"2650.0",5.81951,58.28193,0.610995461692923,0.389004538307077,69050.2512089153,2.05266811581134,1.30687912227106
"141","T6","T6_532",458.751824,"2019207_2660.6",2019207,"2660.6",5.8741684,58.28118,0.610995461692923,0.389004538307077,69050.2512089153,19.3544596698064,12.3224690199417
"141","T7","T7_538",18.323573,"2019207_2690.7",2019207,"2690.7",5.4787536,58.593266,0.669683399907434,0.330316600092566,69050.2512089153,0.847315126107364,0.417932192587533
"141","T21","T21_460",0,"2019207_2301.6",2019207,"2301.6",6.001235,57.967514,0,1,69050.2512089153,0,0
"141","T21","T21_461",242.738917,"2019207_2305.0",2019207,"2305.0",5.8948317,57.969166,0,1,69050.2512089153,0,16.76118319703
"141","T21","T21_463",21.790686,"2019207_2315.9",2019207,"2315.9",5.760247,57.969105,0,1,69050.2512089153,0,1.50465234231459
"141","T21","T21_464",476.521212,"2019207_2320.0",2019207,"2320.0",5.6325183,57.97056,0,1,69050.2512089153,0,32.9039093949768
"141","T21","T21_465",0,"2019207_2325.0",2019207,"2325.0",5.4760633,57.97305,0,1,69050.2512089153,0,0
"141","T7","T7_544",201.135226,"2019207_2720.0",2019207,"2720.0",4.6562896,58.601543,0.669683399907434,0.330316600092566,69050.2512089153,9.30085630039639,4.58758158186556
"141","T7","T7_545",124.540833,"2019207_2725.0",2019207,"2725.0",4.4970813,58.60235,0.669683399907434,0.330316600092566,69050.2512089153,5.75899316246407,2.8405826419535
"141","T7","T7_546",248.919356,"2019207_2730.0",2019207,"2730.0",4.3380065,58.603207,0.669683399907434,0.330316600092566,69050.2512089153,11.5104808172349,5.67746324532648
"141","T7","T7_547",35.014813,"2019207_2735.0",2019207,"2735.0",4.1788583,58.605396,0.669683399907434,0.330316600092566,69050.2512089153,1.61914822467871,0.798633409004481
"141","T7","T7_548",10.000087,"2019207_2740.0",2019207,"2740.0",4.019765,58.605495,0.669683399907434,0.330316600092566,69050.2512089153,0.462422092977697,0.228086426483311
"141","T7","T7_549",150.677744,"2019207_2745.0",2019207,"2745.0",3.8608618,58.605625,0.669683399907434,0.330316600092566,69050.2512089153,6.9676111563467,3.43672491844593
"141","T7","T7_550",6.747795,"2019207_2750.0",2019207,"2750.0",3.7016847,58.605217,0.669683399907434,0.330316600092566,69050.2512089153,0.312030234025408,0.153906705830855
"141","T7","T7_551",2.710407,"2019207_2758.5",2019207,"2758.5",3.5929568,58.60471,0.669683399907434,0.330316600092566,69050.2512089153,0.125334117369319,0.0618201668590836
"141","T7","T7_552",45.003368,"2019207_2760.0",2019207,"2760.0",3.5450613,58.604492,0.669683399907434,0.330316600092566,69050.2512089153,2.08103705713815,1.02645680850911
"141","T7","T7_553",35.001707,"2019207_2765.0",2019207,"2765.0",3.3858933,58.604145,0.669683399907434,0.330316600092566,69050.2512089153,1.61854217955625,0.798334481534601
"141","T7","T7_554",44.996427,"2019207_2770.0",2019207,"2770.0",3.2267616,58.60325,0.669683399907434,0.330316600092566,69050.2512089153,2.08071609275581,1.02629849509781
"141","T7","T7_555",27.431411,"2019207_2775.0",2019207,"2775.0",3.067445,58.60258,0.669683399907434,0.330316600092566,69050.2512089153,1.26847801303643,0.625667807528574
"141","T7","T7_556",0,"2019207_2782.8",2019207,"2782.8",2.9730084,58.60099,0.669683399907434,0.330316600092566,69050.2512089153,0,0
"141","T7","T7_557",29.962647,"2019207_2785.0",2019207,"2785.0",2.9028234,58.60038,0.669683399907434,0.330316600092566,69050.2512089153,1.38552693960482,0.683401362629236
"141","T7","T7_558",0,"2019207_2790.0",2019207,"2790.0",2.7435222,58.598877,0.669683399907434,0.330316600092566,69050.2512089153,0,0
"141","T7","T7_559",0,"2019207_2795.0",2019207,"2795.0",2.5842538,58.598217,0.669683399907434,0.330316600092566,69050.2512089153,0,0
"141","T7","T7_560",0,"2019207_2800.0",2019207,"2800.0",2.4250684,58.597027,0.669683399907434,0.330316600092566,69050.2512089153,0,0
"141","T7","T7_561",0,"2019207_2805.0",2019207,"2805.0",2.2657802,58.596085,0.669683399907434,0.330316600092566,69050.2512089153,0,0
"141","T7","T7_562",1.854447,"2019207_2814.2",2019207,"2814.2",2.1452034,58.59558,0.669683399907434,0.330316600092566,69050.2512089153,0.0857529802546928,0.0422970509489265
"141","T7","T7_563",0,"2019207_2815.0",2019207,"2815.0",2.1197085,58.59523,0.669683399907434,0.330316600092566,69050.2512089153,0,0
"141","T8","T8_567",0,"2019207_2837.8",2019207,"2837.8",1.9982797,58.905483,0.679048138134315,0.320951861865685,69050.2512089153,0,0
"141","T8","T8_568",0,"2019207_2840.0",2019207,"2840.0",2.068993,58.906754,0.679048138134315,0.320951861865685,69050.2512089153,0,0
"141","T8","T8_569",100.014162,"2019207_2845.0",2019207,"2845.0",2.2297218,58.908184,0.679048138134315,0.320951861865685,69050.2512089153,4.68950848626337,2.21649452428578
"141","T8","T8_570",10.071181,"2019207_2850.0",2019207,"2850.0",2.3905666,58.909992,0.679048138134315,0.320951861865685,69050.2512089153,0.472222011580664,0.22319556643979
"141","T8","T8_571",27.320769,"2019207_2856.4",2019207,"2856.4",2.43494,58.9107,0.679048138134315,0.320951861865685,69050.2512089153,1.28102836153085,0.605477601139892
"141","T8","T8_572",0,"2019207_2860.0",2019207,"2860.0",2.5507567,58.91146,0.679048138134315,0.320951861865685,69050.2512089153,0,0
"141","T8","T8_573",0,"2019207_2865.0",2019207,"2865.0",2.7110417,58.912014,0.679048138134315,0.320951861865685,69050.2512089153,0,0
"141","T8","T8_574",0,"2019207_2870.0",2019207,"2870.0",2.8673155,58.910454,0.679048138134315,0.320951861865685,69050.2512089153,0,0
"141","T8","T8_575",25.017338,"2019207_2875.0",2019207,"2875.0",3.0263484,58.914795,0.679048138134315,0.320951861865685,69050.2512089153,1.17302406487912,0.554429408599219
"141","T8","T8_576",0,"2019207_2880.0",2019207,"2880.0",3.1869016,58.917854,0.679048138134315,0.320951861865685,69050.2512089153,0,0
"141","T8","T8_577",0,"2019207_2888.8",2019207,"2888.8",3.317475,58.920258,0.679048138134315,0.320951861865685,69050.2512089153,0,0
"141","T8","T8_578",0,"2019207_2890.0",2019207,"2890.0",3.3560433,58.919132,0.679048138134315,0.320951861865685,69050.2512089153,0,0
"141","T8","T8_579",0,"2019207_2899.0",2019207,"2899.0",3.4822083,58.919247,0.679048138134315,0.320951861865685,69050.2512089153,0,0
"141","T8","T8_580",0,"2019207_2900.0",2019207,"2900.0",3.5136056,58.919643,0.679048138134315,0.320951861865685,69050.2512089153,0,0
"141","T8","T8_581",0,"2019207_2905.0",2019207,"2905.0",3.6741421,58.92013,0.679048138134315,0.320951861865685,69050.2512089153,0,0
"141","T8","T8_582",0,"2019207_2910.0",2019207,"2910.0",3.83444,58.918163,0.679048138134315,0.320951861865685,69050.2512089153,0,0
"141","T8","T8_583",0,"2019207_2915.0",2019207,"2915.0",3.978213,58.920303,0.679048138134315,0.320951861865685,69050.2512089153,0,0
"141","T8","T8_584",9.990059,"2019207_2920.0",2019207,"2920.0",4.138952,58.918243,0.679048138134315,0.320951861865685,69050.2512089153,0.468418327184222,0.221397756357663
"141","T8","T8_585",0,"2019207_2925.0",2019207,"2925.0",4.2998285,58.91678,0.679048138134315,0.320951861865685,69050.2512089153,0,0
"141","T8","T8_586",0,"2019207_2930.0",2019207,"2930.0",4.460585,58.914494,0.679048138134315,0.320951861865685,69050.2512089153,0,0
"141","T8","T8_587",2744.404308,"2019207_2935.0",2019207,"2935.0",4.621413,58.914345,0.679048138134315,0.320951861865685,69050.2512089153,128.680849139182,60.8209577470468
"141","T8","T8_588",137.207065,"2019207_2940.0",2019207,"2940.0",4.779908,58.91048,0.679048138134315,0.320951861865685,69050.2512089153,6.43342585515829,3.04075645072967
"141","T8","T8_589",482.750105,"2019207_2945.0",2019207,"2945.0",4.9203553,58.910458,0.679048138134315,0.320951861865685,69050.2512089153,22.6354015158577,10.6986145055226
"141","T8","T8_590",19.913242,"2019207_2950.0",2019207,"2950.0",5.080885,58.908493,0.679048138134315,0.320951861865685,69050.2512089153,0.933700942752649,0.441313419731273
"141","T8","T8_591",0,"2019207_2955.0",2019207,"2955.0",5.241305,58.903896,0.679048138134315,0.320951861865685,69050.2512089153,0,0
"141","T6","T6_502",0,"2019207_2510.0",2019207,"2510.0",2.3014016,58.285923,0.610995461692923,0.389004538307077,69050.2512089153,0,0
"141","T6","T6_503",0,"2019207_2515.0",2019207,"2515.0",2.4593334,58.286297,0.610995461692923,0.389004538307077,69050.2512089153,0,0
"141","T6","T6_504",0,"2019207_2520.0",2019207,"2520.0",2.6172733,58.287342,0.610995461692923,0.389004538307077,69050.2512089153,0,0
"141","T6","T6_505",0,"2019207_2525.0",2019207,"2525.0",2.7751133,58.287754,0.610995461692923,0.389004538307077,69050.2512089153,0,0
"141","T6","T6_506",0,"2019207_2530.0",2019207,"2530.0",2.9325316,58.28739,0.610995461692923,0.389004538307077,69050.2512089153,0,0
"141","T6","T6_507",0,"2019207_2535.0",2019207,"2535.0",3.0851917,58.29079,0.610995461692923,0.389004538307077,69050.2512089153,0,0
"141","T6","T6_508",134.988477,"2019207_2540.0",2019207,"2540.0",3.2431345,58.293102,0.610995461692923,0.389004538307077,69050.2512089153,5.69508151750715,3.62590672965173
"141","T6","T6_509",9.323199,"2019207_2545.0",2019207,"2545.0",3.40075,58.29459,0.610995461692923,0.389004538307077,69050.2512089153,0.393340079753186,0.250429153267522
"141","T6","T6_510",4.268459,"2019207_2552.4",2019207,"2552.4",3.49258,58.294727,0.610995461692923,0.389004538307077,69050.2512089153,0.180083681951142,0.114654484273813
"141","T6","T6_511",20.004283,"2019207_2555.0",2019207,"2555.0",3.57447,58.292793,0.610995461692923,0.389004538307077,69050.2512089153,0.843968499505943,0.537332266898291
"141","T6","T6_512",0,"2019207_2560.0",2019207,"2560.0",3.7321866,58.29466,0.610995461692923,0.389004538307077,69050.2512089153,0,0
"141","T6","T6_513",0,"2019207_2565.0",2019207,"2565.0",3.8899984,58.294342,0.610995461692923,0.389004538307077,69050.2512089153,0,0
"141","T6","T6_514",0,"2019207_2570.0",2019207,"2570.0",4.0479,58.29318,0.610995461692923,0.389004538307077,69050.2512089153,0,0
"141","T6","T6_515",0,"2019207_2579.5",2019207,"2579.5",4.093865,58.29427,0.610995461692923,0.389004538307077,69050.2512089153,0,0
"141","T6","T6_516",75.141388,"2019207_2580.0",2019207,"2580.0",4.1096134,58.294304,0.610995461692923,0.389004538307077,69050.2512089153,3.17016933229518,2.01836238529139
"141","T4","T4_435",0,"2019207_2175.0",2019207,"2175.0",4.4609385,57.671177,0.10151805286338,0.89848194713662,69050.2512089153,0,0
"141","T4","T4_436",0,"2019207_2180.0",2019207,"2180.0",4.6161017,57.671253,0.10151805286338,0.89848194713662,69050.2512089153,0,0
"141","T4","T4_437",0,"2019207_2185.0",2019207,"2185.0",4.7712035,57.669403,0.10151805286338,0.89848194713662,69050.2512089153,0,0
"141","T4","T4_438",0,"2019207_2190.0",2019207,"2190.0",4.92638,57.667507,0.10151805286338,0.89848194713662,69050.2512089153,0,0
"141","T4","T4_439",354.968089,"2019207_2195.0",2019207,"2195.0",5.0811715,57.663532,0.10151805286338,0.89848194713662,69050.2512089153,2.48827201239271,22.0223637042059
"141","T4","T4_440",0,"2019207_2200.0",2019207,"2200.0",5.2361984,57.662743,0.10151805286338,0.89848194713662,69050.2512089153,0,0
"141","T4","T4_441",0,"2019207_2205.0",2019207,"2205.0",5.3912616,57.663055,0.10151805286338,0.89848194713662,69050.2512089153,0,0
"141","T4","T4_442",0,"2019207_2210.0",2019207,"2210.0",5.5464034,57.66345,0.10151805286338,0.89848194713662,69050.2512089153,0,0
"141","T4","T4_443",0,"2019207_2215.0",2019207,"2215.0",5.701218,57.65916,0.10151805286338,0.89848194713662,69050.2512089153,0,0
"141","T4","T4_444",0,"2019207_2220.0",2019207,"2220.0",5.856245,57.65768,0.10151805286338,0.89848194713662,69050.2512089153,0,0
"141","T6","T6_500",0,"2019207_2500.4",2019207,"2500.4",1.9987366,58.280174,0.610995461692923,0.389004538307077,69050.2512089153,0,0
"141","T4","T4_433",0,"2019207_2165.0",2019207,"2165.0",4.150673,57.672802,0.10151805286338,0.89848194713662,69050.2512089153,0,0
"141","T4","T4_434",0,"2019207_2170.0",2019207,"2170.0",4.30577,57.67121,0.10151805286338,0.89848194713662,69050.2512089153,0,0
"141","T7","T7_539",17.694153,"2019207_2696.1",2019207,"2696.1",5.395793,58.594,0.669683399907434,0.330316600092566,69050.2512089153,0.81820960794917,0.403576101629812
"141","T7","T7_540",15.150821,"2019207_2700.0",2019207,"2700.0",5.2718687,58.595093,0.669683399907434,0.330316600092566,69050.2512089153,0.700601340483382,0.345566655587927
"141","T7","T7_541",110.546189,"2019207_2705.0",2019207,"2705.0",5.1127415,58.596485,0.669683399907434,0.330316600092566,69050.2512089153,5.11185553566564,2.52138658497258
"141","T7","T7_542",118.744698,"2019207_2710.2",2019207,"2710.2",4.968293,58.597054,0.669683399907434,0.330316600092566,69050.2512089153,5.49096940648261,2.70838182014416
"141","T7","T7_543",0,"2019207_2715.0",2019207,"2715.0",4.81575,58.59995,0.669683399907434,0.330316600092566,69050.2512089153,0,0
"141","T6","T6_501",0,"2019207_2505.0",2019207,"2505.0",2.143905,58.283165,0.610995461692923,0.389004538307077,69050.2512089153,0,0
