strata,length,age,maturity,stock,number,biomass_g,meanW_g
21,7,0,IMM,her-47d3,333640.7124,667281.4248,2
21,7.5,0,IMM,her-47d3,805204.9143,1610409.829,2
21,8,0,IMM,her-47d3,2371101.253,6520528.446,2.75
21,8.5,0,IMM,her-47d3,40956631.1,193406313.5,4.722222222
21,9,0,IMM,her-47d3,57437027.48,344622164.9,6
21,9.5,0,IMM,her-47d3,48955809.48,293734856.9,6
21,10.5,0,IMM,her-47d3,16450351.6,131602812.8,8
21,11,0,IMM,her-47d3,7050150.684,56401205.47,8
21,13.5,0,IMM,her-47d3,513814.5578,7707218.367,15
21,13,1,IMM,her-47d3,502308.0043,8539236.073,17
21,14,1,IMM,her-47d3,449377.8876,8538179.864,19
21,15.5,1,IMM,her-47d3,454412.7098,11360317.75,25
21,16,1,IMM,her-47d3,938848.3772,26757178.75,28.5
21,16.5,1,IMM,her-47d3,308145.6634,9552515.565,31
21,17,1,IMM,her-47d3,1284207.724,43234993.37,33.66666667
21,17.5,1,IMM,her-3a22,5041516.547,190632344.4,37.8125
21,18,1,IMM,her-3a22,2113352.675,82420754.32,39
21,19,1,IMM,her-3a22,512995.803,24110802.74,47
21,20.5,1,IMM,her-47d3,258270.4147,16012765.71,62
21,20,2,IMM,her-3a22,261947.7859,13621284.87,52
21,21.5,2,IMM,her-3a22,2863716.571,200460160,70
21,22.5,2,IMM,her-3a22,357273.5737,27510065.17,77
21,19.5,3,IMM,her-3a22,546281.7614,31684342.16,58
21,22.5,3,IMM,her-3a22,1429094.295,118614826.5,83
21,21,5,IMM,her-3a22,323527.531,18117541.74,56
21,20.5,6,IMM,her-3a22,1291352.074,69733011.97,54
21,19,2,MAT,her-3a22,512995.803,22058819.53,43
21,21,2,MAT,her-3a22,3558802.841,266910213.1,75
21,22,2,MAT,her-3a22,727952.3884,52776548.16,72.5
21,22.5,2,MAT,her-3a22,357273.5737,31440074.49,88
21,21,3,MAT,her-3a22,970582.593,50470294.84,52
21,19.5,5,MAT,her-3a22,273140.8807,11745057.87,43
21,15,1,-,her-3a22,316842.7184,6970539.805,22
21,8.5,0,IMM,her-3a22,2275368.394,9101473.577,4
21,11.5,1,IMM,her-3a22,9400200.912,94002009.12,10
21,12,1,IMM,her-3a22,1134439.915,14180498.94,12.5
21,12.5,1,IMM,her-3a22,496572.0229,7448580.344,15
21,13,1,IMM,her-3a22,2009232.017,28631556.25,14.25
21,13.5,1,IMM,her-3a22,7707218.367,132564155.9,17.2
21,14,1,IMM,her-3a22,14380092.4,273221755.7,19
21,14.5,1,IMM,her-3a22,6119123.897,126618794.5,20.69230769
21,15,1,IMM,her-3a22,6970539.805,172679281.5,24.77272727
21,15.5,1,IMM,her-3a22,2953682.614,78840605.15,26.69230769
21,16,1,IMM,her-3a22,4694241.886,127448667.2,27.15
21,16.5,1,IMM,her-3a22,11401389.55,347434235.5,30.47297297
21,17,1,IMM,her-3a22,19263115.86,652520213.5,33.87407407
21,17.5,1,IMM,her-3a22,56086871.59,2018024545,35.98033708
21,18,1,IMM,her-3a22,45437082.51,1717979612,37.81007752
21,18.5,1,IMM,her-3a22,26647885.83,1145125663,42.97247706
21,19,1,IMM,her-3a22,11542405.57,510943819.8,44.26666667
21,19.5,1,IMM,her-3a22,3277690.568,162245683.1,49.5
21,20,1,IMM,her-3a22,1833634.501,91943672.85,50.14285714
21,20.5,1,IMM,her-3a22,516540.8294,32542072.25,63
21,16.5,2,IMM,her-3a22,154072.8317,4622184.951,30
21,17,2,IMM,her-3a22,285379.4942,9417523.309,33
21,18,2,IMM,her-3a22,4050592.627,154098632.5,38.04347826
21,18.5,2,IMM,her-3a22,2933712.202,134461809.2,45.83333333
21,19,2,IMM,her-3a22,12568397.17,568399349.7,45.2244898
21,19.5,2,IMM,her-3a22,13657044.04,671107143.9,49.14
21,20,2,IMM,her-3a22,16764658.3,929128796.6,55.421875
21,20.5,2,IMM,her-3a22,8781194.1,508792717,57.94117647
21,21,2,IMM,her-3a22,15205793.96,954406216.5,62.76595745
21,21.5,2,IMM,her-3a22,15392476.57,1080337076,70.18604651
21,22,2,IMM,her-3a22,13831095.38,1119590773,80.94736842
21,22.5,2,IMM,her-3a22,6073650.753,513044851.8,84.47058824
21,23,2,IMM,her-3a22,4111964.878,354750424.5,86.27272727
21,23.5,2,IMM,her-3a22,360025.1007,36002510.07,100
21,24,2,IMM,her-3a22,745348.141,80497599.23,108
21,24.5,2,IMM,her-3a22,780714.735,81194332.44,104
21,18.5,3,IMM,her-3a22,488952.0336,22002841.51,45
21,19,3,IMM,her-3a22,512995.803,23084811.14,45
21,19.5,3,IMM,her-3a22,546281.7614,25675242.79,47
21,20,3,IMM,her-3a22,2095582.287,106088853.3,50.625
21,20.5,3,IMM,her-3a22,5165408.294,306050441.4,59.25
21,21,3,IMM,her-3a22,1617637.655,93822983.99,58
21,21.5,3,IMM,her-3a22,13244689.14,877013199.9,66.21621622
21,22,3,IMM,her-3a22,11283262.02,856799961.1,75.93548387
21,22.5,3,IMM,her-3a22,4644556.458,366205413,78.84615385
21,23,3,IMM,her-3a22,7102484.789,626140106.4,88.15789474
21,23.5,3,IMM,her-3a22,1440100.403,121328458.9,84.25
21,24.5,3,IMM,her-3a22,1561429.47,185810106.9,119
21,19.5,4,IMM,her-3a22,273140.8807,14203325.8,52
21,20.5,4,IMM,her-3a22,774811.2441,42356348.01,54.66666667
21,21,4,IMM,her-3a22,647055.062,43352689.15,67
21,21.5,4,IMM,her-3a22,357964.5714,21119909.71,59
21,22,4,IMM,her-3a22,1819880.971,136491072.8,75
21,23,4,IMM,her-3a22,1869074.945,175693044.8,94
21,23.5,4,IMM,her-3a22,1440100.403,135729463,94.25
21,24,4,IMM,her-3a22,745348.141,81615621.44,109.5
21,24.5,4,IMM,her-3a22,390357.3675,44500739.9,114
21,25.5,4,IMM,her-3a22,377614.693,46446607.24,123
21,26.5,4,IMM,her-3a22,377614.693,59663121.49,158
21,27.5,4,IMM,her-3a22,377614.693,62306424.35,165
21,19,5,IMM,her-3a22,256497.9015,11285907.67,44
21,21,5,IMM,her-3a22,2264692.717,113234635.9,50
21,21.5,5,IMM,her-3a22,357964.5714,20761945.14,58
21,22.5,5,IMM,her-3a22,357273.5737,23580055.86,66
21,23,5,IMM,her-3a22,1495259.956,127097096.2,85
21,23.5,5,IMM,her-3a22,360025.1007,34202384.57,95
21,22.5,6,IMM,her-3a22,1071820.721,87889299.13,82
21,23,6,IMM,her-3a22,373814.9889,30279014.1,81
21,23.5,6,IMM,her-3a22,360025.1007,33482334.37,93
21,25,6,IMM,her-3a22,377614.693,44558533.77,118
21,26,6,IMM,her-3a22,362956.6994,51902808.01,143
21,27.5,6,IMM,her-3a22,377614.693,63816883.12,169
21,24.5,7,IMM,her-3a22,390357.3675,35522520.44,91
21,25.5,7,IMM,her-3a22,377614.693,44558533.77,118
21,26,7,IMM,her-3a22,362956.6994,50088024.52,138
21,17,1,MAT,her-3a22,1141517.977,35387057.28,31
21,19,1,MAT,her-3a22,769493.7045,34883714.6,45.33333333
21,19.5,1,MAT,her-3a22,273140.8807,14476466.68,53
21,20,2,MAT,her-3a22,4977007.932,251731822.2,50.57894737
21,20.5,2,MAT,her-3a22,3099244.976,167100958.3,53.91666667
21,21,2,MAT,her-3a22,970582.593,61146703.36,63
21,21.5,2,MAT,her-3a22,2863716.571,188647329.1,65.875
21,22,2,MAT,her-3a22,4367714.33,317751217.5,72.75
21,24,2,MAT,her-3a22,745348.141,74534814.1,100
21,20,3,MAT,her-3a22,261947.7859,12049598.15,46
21,21,3,MAT,her-3a22,647055.062,35911555.94,55.5
21,21.5,3,MAT,her-3a22,1073893.714,63359729.14,59
21,22,3,MAT,her-3a22,1091928.583,73887167.42,67.66666667
21,22.5,3,MAT,her-3a22,5359103.606,442661957.8,82.6
21,23,3,MAT,her-3a22,373814.9889,33269534.01,89
21,23.5,3,MAT,her-3a22,360025.1007,25921807.25,72
21,24,3,MAT,her-3a22,372674.0705,42484844.04,114
21,24.5,3,MAT,her-3a22,390357.3675,46842884.1,120
21,24.5,4,MAT,her-3a22,390357.3675,42158595.69,108
21,27,4,MAT,her-3a22,755229.386,122347160.5,162
21,24,5,MAT,her-3a22,372674.0705,37640081.12,101
21,22,6,MAT,her-3a22,363976.1942,23658452.62,65
21,22.5,6,MAT,her-3a22,357273.5737,25009150.16,70
21,26.5,6,MAT,her-3a22,377614.693,58530277.42,155
21,7.5,0,IMM,her-47d3,268401.6381,536803.2762,2
21,8,0,IMM,her-47d3,1185550.627,3556651.88,3
21,8.5,0,IMM,her-47d3,18202947.15,77362525.4,4.25
21,9,0,IMM,her-47d3,229748109.9,1284291934,5.59
21,9.5,0,IMM,her-47d3,233122902.3,1347450375,5.78
21,10,0,IMM,her-47d3,249178008.6,1492739285,5.990654206
21,10.5,0,IMM,her-47d3,86951858.44,679164515.9,7.810810811
21,11,0,IMM,her-47d3,35250753.42,305506529.7,8.666666667
21,11.5,0,IMM,her-47d3,4700100.456,47001004.56,10
21,14.5,0,IMM,her-47d3,470701.8382,9414036.764,20
21,12.5,1,IMM,her-47d3,2979432.137,40222333.85,13.5
21,13,1,IMM,her-47d3,9543852.082,146673937.3,15.36842105
21,13.5,1,IMM,her-47d3,20552582.31,372515554.4,18.125
21,14,1,IMM,her-47d3,25165161.71,464656735.8,18.46428571
21,14.5,1,IMM,her-47d3,17415968.01,372795855.9,21.40540541
21,15,1,IMM,her-47d3,9505281.552,223374116.5,23.5
21,15.5,1,IMM,her-47d3,5907365.227,152909876.8,25.88461538
21,16,1,IMM,her-47d3,9623195.866,269449484.3,28
21,16.5,1,IMM,her-47d3,12479899.37,396583468.8,31.77777778
21,17,1,IMM,her-47d3,29108708.41,1018662105,34.99509804
21,17.5,1,IMM,her-47d3,28673625.36,1040758072,36.2967033
21,18,1,IMM,her-47d3,25184119.37,1002785844,39.81818182
21,18.5,1,IMM,her-47d3,27625789.9,1187664490,42.99115044
21,19,1,IMM,her-47d3,4616962.227,220844693.2,47.83333333
21,19.5,1,IMM,her-47d3,10106212.59,571683863.3,56.56756757
21,20,1,IMM,her-47d3,523895.5718,28552308.66,54.5
21,20.5,1,IMM,her-47d3,2840974.562,176398693.2,62.09090909
21,21,1,IMM,her-47d3,4529385.434,322233420.9,71.14285714
21,21.5,1,IMM,her-47d3,1789822.857,143185828.6,80
21,22,1,IMM,her-47d3,363976.1942,30210024.12,83
21,19.5,2,IMM,her-47d3,819422.6421,45068245.32,55
21,20,2,IMM,her-47d3,3405321.217,190174092.6,55.84615385
21,20.5,2,IMM,her-47d3,1291352.074,76706313.17,59.4
21,21,2,IMM,her-47d3,2264692.717,144940333.9,64
21,21.5,2,IMM,her-47d3,715929.1428,45819465.14,64
21,22.5,2,IMM,her-47d3,357273.5737,27510065.17,77
21,24,2,IMM,her-47d3,372674.0705,37267407.05,100
21,20,3,IMM,her-47d3,523895.5718,27242569.73,52
21,22,3,IMM,her-47d3,363976.1942,22202547.85,61
21,23.5,3,IMM,her-47d3,720050.2014,73445120.54,102
21,16.5,1,MAT,her-47d3,308145.6634,8628078.575,28
21,19,1,MAT,her-47d3,1538987.409,71562914.52,46.5
21,19.5,1,MAT,her-47d3,1092563.523,58725289.35,53.75
21,21.5,1,MAT,her-47d3,357964.5714,23625661.71,66
21,19.5,2,MAT,her-47d3,273140.8807,13383903.15,49
21,21,2,MAT,her-47d3,323527.531,17794014.21,55
21,21.5,2,MAT,her-47d3,357964.5714,27563272,77
21,22.5,2,MAT,her-47d3,1429094.295,114327543.6,80
21,20,3,MAT,her-47d3,523895.5718,27766465.31,53
21,21,3,MAT,her-47d3,323527.531,21676344.58,67
21,22.5,3,MAT,her-47d3,357273.5737,24651876.59,69
21,23.5,3,MAT,her-47d3,360025.1007,36002510.07,100
21,25,3,MAT,her-47d3,755229.386,75145323.91,99.5
21,26,3,MAT,her-47d3,362956.6994,52265764.71,144
21,26.5,3,MAT,her-47d3,377614.693,58152662.72,154
31,19,2,-,her-47d3,5387330.245,339401805.4,63
31,22.5,3,-,her-3a22,1395800.492,117247241.3,84
31,8.5,0,IMM,her-47d3,720147.276,2160441.828,3
31,9.5,0,IMM,her-47d3,192039.2736,912186.5496,4.75
31,10.5,1,IMM,her-47d3,619562.2372,18586867.12,30
31,17,1,IMM,her-47d3,4301569.29,162025776.6,37.66666667
31,18.5,1,IMM,her-47d3,2967698.416,136514127.1,46
31,19,1,IMM,her-47d3,3169017.791,186972049.7,59
31,19.5,1,IMM,her-47d3,11661272.36,604720266.7,51.85714286
31,20,1,IMM,her-47d3,9868246.718,629453165.7,63.78571429
31,20.5,1,IMM,her-47d3,7017727.739,453033313,64.55555556
31,21,1,IMM,her-47d3,6816287.295,478342984.9,70.17647059
31,22,1,IMM,her-47d3,2245289.814,161660866.6,72
31,20,2,IMM,her-47d3,4581685.976,233665984.8,51
31,21,2,IMM,her-3a22,4009580.762,272651491.8,68
31,22,2,IMM,her-3a22,8532101.291,708613465.1,83.05263158
31,23,2,IMM,her-47d3,805236.1182,70860778.4,88
31,23.5,2,IMM,her-47d3,415354.5271,39874034.6,96
31,25.5,2,IMM,her-3a22,310482.2444,39741727.28,128
31,21.5,3,IMM,her-3a22,1759727.77,114382305.1,65
31,22,3,IMM,her-3a22,3143405.739,254615864.9,81
31,22,4,IMM,her-3a22,449057.9627,31434057.39,70
31,23,4,IMM,her-3a22,402618.0591,30598972.49,76
31,23.5,6,IMM,her-3a22,415354.5271,37381907.44,90
31,18,1,-,her-3a22,8332731.729,391638391.3,47
31,17.5,2,-,her-3a22,6574114.67,302409274.8,46
31,19,2,-,her-3a22,6971839.14,397394831,57
31,15.5,1,IMM,her-3a22,268234.9372,7242343.304,27
31,16,1,IMM,her-3a22,732584.935,23442717.92,32
31,16.5,1,IMM,her-3a22,595537.6706,19057205.46,32
31,17,1,IMM,her-3a22,4660033.398,162384240.7,34.84615385
31,17.5,1,IMM,her-3a22,10289918.61,389301920.9,37.83333333
31,18,1,IMM,her-3a22,2777577.243,108325512.5,39
31,18.5,1,IMM,her-3a22,5638626.99,273325024.1,48.47368421
31,19,1,IMM,her-3a22,7922544.478,398979339.9,50.36
31,19.5,1,IMM,her-3a22,5330867.365,291198629.8,54.625
31,20,1,IMM,her-3a22,7401185.039,452177162.1,61.0952381
31,17,2,IMM,her-3a22,2150784.645,75277462.58,35
31,18.5,2,IMM,her-3a22,2374158.733,111585460.4,47
31,19.5,2,IMM,her-3a22,1999075.262,101952838.4,51
31,20,2,IMM,her-3a22,704874.7656,44407110.23,63
31,20.5,2,IMM,her-3a22,21832930.74,1331418902,60.98214286
31,21,2,IMM,her-3a22,17642155.35,1204478061,68.27272727
31,21.5,2,IMM,her-3a22,11438230.51,854347832.3,74.69230769
31,22,2,IMM,her-3a22,8981159.254,741394696.4,82.55
31,22.5,2,IMM,her-3a22,6979002.458,580653004.5,83.2
31,23,2,IMM,her-3a22,1610472.236,126019452.5,78.25
31,23.5,2,IMM,her-3a22,1246063.581,125852421.7,101
31,24,2,IMM,her-3a22,714335.3258,80362724.15,112.5
31,25,2,IMM,her-3a22,261921.9017,29597174.89,113
31,20,3,IMM,her-3a22,704874.7656,36653487.81,52
31,21,3,IMM,her-3a22,1603832.305,99437602.9,62
31,21.5,3,IMM,her-3a22,3959387.483,267918553,67.66666667
31,22,3,IMM,her-3a22,11226449.07,844678027.8,75.24
31,22.5,3,IMM,her-3a22,6513735.627,540174790.2,82.92857143
31,23,3,IMM,her-3a22,3220944.473,283845731.7,88.125
31,23.5,3,IMM,her-3a22,1246063.581,122114231,98
31,24,3,IMM,her-3a22,357167.6629,37859772.27,106
31,24.5,3,IMM,her-3a22,465022.2408,46502224.08,100
31,22.5,4,IMM,her-3a22,465266.8305,37221346.44,80
31,23.5,4,IMM,her-3a22,415354.5271,38627971.02,93
31,24.5,4,IMM,her-3a22,465022.2408,53942579.93,116
31,20.5,2,MAT,her-3a22,389873.7633,25731668.38,66
31,21,2,MAT,her-3a22,400958.0762,28468023.41,71
31,21,3,MAT,her-3a22,4410538.838,250999755.7,56.90909091
31,23.5,4,MAT,her-3a22,415354.5271,40704743.66,98
31,24,4,MAT,her-3a22,357167.6629,36073933.95,101
31,17,1,-,her-47d3,3226176.968,112916193.9,35
31,17.5,1,-,her-47d3,24581472.24,991262159.8,40.3255814
31,18,1,-,her-47d3,27775772.43,1158249710,41.7
31,18.5,1,-,her-47d3,49560563.55,2223993193,44.8742515
31,19,1,-,her-47d3,14577481.84,744085377.3,51.04347826
31,19.5,1,-,her-47d3,3331792.103,184914461.7,55.5
31,17,2,-,her-47d3,2509248.753,92842203.84,37
31,18,2,-,her-47d3,7777216.28,334420300.1,43
31,19,2,-,her-47d3,4753526.687,247183387.7,52
31,8.5,0,IMM,her-47d3,3312677.47,11378326.96,3.434782609
31,9,0,IMM,her-47d3,4320883.656,15939259.71,3.688888889
31,9.5,0,IMM,her-47d3,864176.7312,3456706.925,4
31,16,0,IMM,her-47d3,366292.4675,8058434.285,22
31,15.5,1,IMM,her-47d3,536469.8744,13948216.73,26
31,16,1,IMM,her-47d3,366292.4675,10988774.03,30
31,16.5,1,IMM,her-47d3,6253145.541,200993963.8,32.14285714
31,17,1,IMM,her-47d3,22941702.88,842032188.5,36.703125
31,17.5,1,IMM,her-47d3,44017985.18,1750715320,39.77272727
31,18,1,IMM,her-47d3,72494766.04,3098665172,42.74329502
31,18.5,1,IMM,her-47d3,85469714.38,4039631084,47.26388889
31,19,1,IMM,her-47d3,78591641.22,4066800531,51.74596774
31,19.5,1,IMM,her-47d3,75298501.53,4212051577,55.9380531
31,20,1,IMM,her-47d3,53218044.8,3263217727,61.31788079
31,20.5,1,IMM,her-47d3,34308891.17,2315850154,67.5
31,21,1,IMM,her-47d3,7618203.448,543298193.3,71.31578947
31,21.5,1,IMM,her-47d3,1759727.77,131099718.9,74.5
31,22.5,1,IMM,her-47d3,1861067.322,184245664.9,99
31,17,2,IMM,her-47d3,1792320.538,62731218.81,35
31,18.5,2,IMM,her-47d3,5935396.832,289647365.4,48.8
31,19,2,IMM,her-47d3,3485919.57,191725576.4,55
31,19.5,2,IMM,her-47d3,7996301.047,418806267.3,52.375
31,20,2,IMM,her-47d3,14802370.08,866995961.7,58.57142857
31,20.5,2,IMM,her-47d3,389873.7633,29240532.25,75
31,21,2,IMM,her-47d3,8420119.6,639528131.5,75.95238095
31,21.5,2,IMM,her-47d3,21116733.24,1581995265,74.91666667
31,22,2,IMM,her-47d3,3592463.702,256861154.7,71.5
31,22.5,2,IMM,her-47d3,6513735.627,539244256.5,82.78571429
31,23,2,IMM,her-47d3,2013090.296,171917911.2,85.4
31,23.5,2,IMM,her-47d3,1246063.581,121698876.4,97.66666667
31,24,2,IMM,her-47d3,714335.3258,78934053.5,110.5
31,21.5,3,IMM,her-47d3,879863.885,68629383.03,78
31,22,3,IMM,her-47d3,449057.9627,34577463.13,77
31,22.5,3,IMM,her-47d3,930533.661,66998423.59,72
31,23.5,3,IMM,her-47d3,415354.5271,41535452.71,100
31,29.5,5,IMM,her-47d3,619562.2372,128868945.3,208
31,17,1,MAT,her-47d3,1792320.538,73485142.04,41
31,19.5,2,MAT,her-47d3,2665433.682,154595153.6,58
31,21.5,2,MAT,her-47d3,439931.9425,30795235.98,70
31,22.5,2,MAT,her-47d3,930533.661,80956428.51,87
31,23.5,2,MAT,her-47d3,415354.5271,46104352.51,111
31,25,2,MAT,her-47d3,261921.9017,34835612.93,133
31,21.5,3,MAT,her-47d3,439931.9425,25955984.61,59
31,22,3,MAT,her-47d3,2694347.776,233510140.6,86.66666667
31,23,3,MAT,her-47d3,402618.0591,32612062.79,81
31,23.5,3,MAT,her-47d3,415354.5271,49011834.2,118
31,24,3,MAT,her-47d3,357167.6629,46788963.84,131
31,21.5,4,MAT,her-47d3,439931.9425,28595576.26,65
41,22.5,3,-,her-3a22,292149.251,24540537.08,84
41,8.5,0,IMM,her-47d3,95153.9657,285461.8971,3
41,16.5,1,IMM,her-47d3,198372.8036,7339793.733,37
41,17.5,1,IMM,her-47d3,639936.1,27389265.08,42.8
41,18.5,1,IMM,her-47d3,837577.3712,39994319.47,47.75
41,19,1,IMM,her-47d3,393305.05,21730104.01,55.25
41,19.5,1,IMM,her-47d3,575972.2032,32830415.58,57
41,20,1,IMM,her-47d3,1814604.206,113466133.6,62.52941176
41,20.5,1,IMM,her-47d3,2746678.205,191789791.1,69.82608696
41,21,2,IMM,her-47d3,1752346.704,106893148.9,61
41,21.5,2,IMM,her-3a22,2437973.676,181764481.8,74.55555556
41,22,2,IMM,her-47d3,640680.5328,48051039.96,75
41,23.5,2,IMM,her-47d3,156259.6708,15000928.4,96
41,24,2,IMM,her-47d3,349442.6994,32847613.74,94
41,25.5,2,IMM,her-47d3,148296.1928,18981912.68,128
41,21,3,IMM,her-3a22,1314260.028,89369681.9,68
41,21.5,3,IMM,her-3a22,406328.946,26411381.49,65
41,22,3,IMM,her-3a22,800850.666,64868903.95,81
41,26,3,IMM,her-3a22,312395.468,49358483.94,158
41,22,4,IMM,her-3a22,320340.2664,22423818.65,70
41,23,4,IMM,her-3a22,651298.5576,56011675.95,86
41,25.5,4,IMM,her-47d3,444888.5784,59170180.93,133
41,26,4,IMM,her-3a22,156197.734,19524716.75,125
41,28.5,5,IMM,her-3a22,128066.378,26125541.11,204
41,24.5,6,IMM,her-3a22,200259.9057,24031188.68,120
41,27,6,IMM,her-3a22,157622.7886,21121453.67,134
41,28,8,IMM,her-3a22,144374.5902,25265553.29,175
41,24,2,MAT,her-47d3,1397770.798,170528037.3,122
41,25,2,MAT,her-3a22,1292498.923,199229476.9,154.1428571
41,25.5,2,MAT,her-47d3,296592.3856,37370640.59,126
41,26,2,MAT,her-47d3,156197.734,26085021.58,167
41,27,2,MAT,her-47d3,157622.7886,20490962.52,130
41,31.5,2,MAT,her-47d3,336437.9946,55848707.1,166
41,26,3,MAT,her-47d3,312395.468,50920461.28,163
41,23.5,4,MAT,her-3a22,312519.3416,35627204.94,114
41,24.5,4,MAT,her-3a22,1401819.34,150395189.2,107.2857143
41,25.5,4,MAT,her-47d3,148296.1928,21947836.53,148
41,27,5,MAT,her-3a22,157622.7886,26165382.91,166
41,28,5,MAT,her-3a22,144374.5902,32917406.57,228
41,29,5,MAT,her-3a22,418758.7182,88497675.78,211.3333333
41,30,5,MAT,her-47d3,330450.2808,72038161.21,218
41,27.5,6,MAT,her-3a22,174481.5649,34896312.98,200
41,29,6,MAT,her-3a22,558344.9576,118369131,212
41,31.5,6,MAT,her-3a22,168218.9973,23214221.63,138
41,29,7,MAT,her-3a22,139586.2394,24427591.9,175
41,29.5,8,MAT,her-3a22,158985.4755,36248688.41,228
41,32.5,8,MAT,her-3a22,152270.1869,42331111.96,278
41,25,2,-,her-3a22,553928.1099,83089216.49,150
41,15,1,IMM,her-3a22,3702.6108,77754.8268,21
41,15.5,1,IMM,her-3a22,52425.5088,1415488.738,27
41,16.5,1,IMM,her-3a22,892677.6162,33425817.41,37.44444444
41,17,1,IMM,her-3a22,111555.7595,4127563.102,37
41,17.5,1,IMM,her-3a22,511948.88,19966006.32,39
41,18,1,IMM,her-3a22,1324364.078,59154928.84,44.66666667
41,18.5,1,IMM,her-3a22,1884549.085,91505327.8,48.55555556
41,19,1,IMM,her-3a22,393305.05,20845167.65,53
41,19.5,1,IMM,her-3a22,2975856.383,170007795.3,57.12903226
41,20,1,IMM,her-3a22,5443812.619,338156830.9,62.11764706
41,20.5,1,IMM,her-3a22,835945.5405,59352133.38,71
41,21,1,IMM,her-3a22,1642825.035,110397842.4,67.2
41,21.5,1,IMM,her-3a22,1489872.802,116210078.6,78
41,18,2,IMM,her-3a22,110363.6732,4414546.928,40
41,18.5,2,IMM,her-3a22,942274.5426,44286903.5,47
41,19,2,IMM,her-3a22,589957.575,33430929.25,56.66666667
41,19.5,2,IMM,her-3a22,287986.1016,18911087.34,65.66666667
41,20,2,IMM,her-3a22,2988759.869,188505354.6,63.07142857
41,20.5,2,IMM,her-3a22,8837138.571,585281299.1,66.22972973
41,21,2,IMM,her-3a22,8104603.506,567431767.1,70.01351351
41,21.5,2,IMM,her-3a22,11648096.45,891214821.6,76.51162791
41,22,2,IMM,her-3a22,12333100.26,1052157605,85.31168831
41,22.5,2,IMM,her-3a22,8764477.53,781061022.5,89.11666667
41,23,2,IMM,her-3a22,7327108.773,701122897.3,95.68888889
41,23.5,2,IMM,her-3a22,6250386.832,659572070.4,105.525
41,24,2,IMM,her-3a22,349442.6994,40185910.43,115
41,24.5,2,IMM,her-3a22,3804938.208,459997003.4,120.8947368
41,25,2,IMM,her-3a22,2031069.736,279364410.1,137.5454545
41,25.5,2,IMM,her-3a22,148296.1928,21206355.57,143
41,26,2,IMM,her-3a22,156197.734,23585857.83,151
41,18.5,3,IMM,her-3a22,104697.1714,4816069.884,46
41,20,3,IMM,her-3a22,320224.2717,21134801.93,66
41,20.5,3,IMM,her-3a22,835945.5405,61501707.62,73.57142857
41,21,3,IMM,her-3a22,1533303.366,102950368.9,67.14285714
41,21.5,3,IMM,her-3a22,7313921.028,530259274.5,72.5
41,22,3,IMM,her-3a22,3203402.664,254029831.3,79.3
41,22.5,3,IMM,her-3a22,5989059.646,496215502.8,82.85365854
41,23,3,IMM,her-3a22,3093668.149,278104484.1,89.89473684
41,23.5,3,IMM,her-3a22,2968933.745,292518103.7,98.52631579
41,24,3,IMM,her-3a22,1397770.798,151658131.5,108.5
41,24.5,3,IMM,her-3a22,600779.7171,61680050.96,102.6666667
41,25,3,IMM,her-3a22,1477141.626,191289840.6,129.5
41,26,3,IMM,her-3a22,312395.468,48421297.54,155
41,26.5,3,IMM,her-3a22,272375.4494,41945819.21,154
41,27.5,3,IMM,her-3a22,348963.1298,61417510.84,176
41,28.5,3,IMM,her-3a22,128066.378,23564213.55,184
41,21.5,4,IMM,her-3a22,1489872.802,121492354.9,81.54545455
41,22.5,4,IMM,her-3a22,1752895.506,134972954,77
41,23,4,IMM,her-3a22,814123.197,68549173.19,84.2
41,23.5,4,IMM,her-3a22,625038.6832,56253481.49,90
41,24.5,4,IMM,her-3a22,400519.8114,48863416.99,122
41,25,4,IMM,her-3a22,369285.4066,48561030.97,131.5
41,25.5,4,IMM,her-3a22,1038073.35,132280204,127.4285714
41,26.5,4,IMM,her-3a22,680938.6235,108269241.1,159
41,28,4,IMM,her-3a22,866247.5412,163865159.9,189.1666667
41,21.5,5,IMM,her-3a22,541771.928,39549350.74,73
41,25,5,IMM,her-3a22,184642.7033,18279627.63,99
41,25.5,5,IMM,her-3a22,296592.3856,37963825.36,128
41,26.5,5,IMM,her-3a22,817126.3482,131829717.5,161.3333333
41,27,5,IMM,her-3a22,1733850.675,302478131.3,174.4545455
41,27.5,5,IMM,her-3a22,348963.1298,63860252.75,183
41,28,5,IMM,her-3a22,288749.1804,56883588.54,197
41,28.5,5,IMM,her-3a22,384199.134,74278499.24,193.3333333
41,29,5,IMM,her-3a22,1116689.915,228083915.2,204.25
41,26,6,IMM,her-3a22,780988.67,109026018.3,139.6
41,26.5,6,IMM,her-3a22,272375.4494,37315436.57,137
41,27.5,6,IMM,her-3a22,348963.1298,64558179.01,185
41,28,6,IMM,her-3a22,577498.3608,114489050,198.25
41,29,6,IMM,her-3a22,139586.2394,29313110.27,210
41,29.5,6,IMM,her-3a22,158985.4755,37043615.79,233
41,30,6,IMM,her-3a22,495675.4212,114170572,230.3333333
41,28.5,7,IMM,her-3a22,512265.512,92079725.78,179.75
41,29,7,IMM,her-3a22,418758.7182,87939330.82,210
41,28.5,8,IMM,her-3a22,128066.378,23948412.69,187
41,30.5,8,IMM,her-3a22,304540.3738,66389801.49,218
41,21,2,MAT,her-3a22,438086.676,33732674.05,77
41,21.5,2,MAT,her-3a22,812657.892,69888578.71,86
41,22.5,2,MAT,her-3a22,2191119.383,187705893.8,85.66666667
41,23,2,MAT,her-3a22,3419317.427,327277525.2,95.71428571
41,23.5,2,MAT,her-3a22,1406337.037,158916085.2,113
41,24,2,MAT,her-3a22,5416361.841,706747859.5,130.483871
41,24.5,2,MAT,her-3a22,1401819.34,189846390.6,135.4285714
41,25,2,MAT,her-3a22,3692854.066,517553497.3,140.15
41,25.5,2,MAT,her-3a22,593184.7712,92536824.31,156
41,26.5,2,MAT,her-3a22,1089501.798,174865038.5,160.5
41,27,2,MAT,her-3a22,157622.7886,26638251.27,169
41,27.5,2,MAT,her-3a22,872407.8245,168374710.1,193
41,28,2,MAT,her-3a22,577498.3608,120552782.8,208.75
41,21,3,MAT,her-3a22,876173.352,49941881.06,57
41,22,3,MAT,her-3a22,961020.7992,73518091.14,76.5
41,22.5,3,MAT,her-3a22,1314671.63,114376431.8,87
41,23,3,MAT,her-3a22,1302597.115,134981626.1,103.625
41,23.5,3,MAT,her-3a22,2187635.391,271423048.2,124.0714286
41,24,3,MAT,her-3a22,2620820.246,317818135.1,121.2666667
41,24.5,3,MAT,her-3a22,1201559.434,140582453.8,117
41,25,3,MAT,her-3a22,2215712.44,278995124.7,125.9166667
41,25.5,3,MAT,her-3a22,593184.7712,83045867.97,140
41,26.5,3,MAT,her-3a22,817126.3482,120934699.5,148
41,22,4,MAT,her-3a22,320340.2664,24666200.51,77
41,23.5,4,MAT,her-3a22,156259.6708,15313447.74,98
41,24.5,4,MAT,her-3a22,1602079.246,219284596.7,136.875
41,25.5,4,MAT,her-3a22,593184.7712,81266313.65,137
41,26,4,MAT,her-3a22,1561977.34,206024811.1,131.9
41,27,4,MAT,her-3a22,630491.1544,91578840.18,145.25
41,23,5,MAT,her-3a22,162824.6394,14328568.27,88
41,24.5,5,MAT,her-3a22,200259.9057,21828329.72,109
41,25.5,5,MAT,her-3a22,593184.7712,82452683.2,139
41,27,5,MAT,her-3a22,472868.3658,70930254.87,150
41,27.5,5,MAT,her-3a22,348963.1298,55834100.77,160
41,29.5,5,MAT,her-3a22,476956.4265,87759982.48,184
41,30,5,MAT,her-3a22,165225.1404,41801960.52,253
41,30.5,5,MAT,her-3a22,152270.1869,35631223.73,234
41,26.5,6,MAT,her-3a22,817126.3482,127471710.3,156
41,27,6,MAT,her-3a22,472868.3658,72348859.97,153
41,27.5,6,MAT,her-3a22,348963.1298,47110022.52,135
41,28,6,MAT,her-3a22,433123.7706,78684151.66,181.6666667
41,29,6,MAT,her-3a22,697931.197,147821827.5,211.8
41,29.5,6,MAT,her-3a22,1430869.28,322422544.3,225.3333333
41,30,6,MAT,her-3a22,495675.4212,112518320.6,227
41,30.5,6,MAT,her-3a22,152270.1869,43853813.83,288
41,31.5,6,MAT,her-3a22,168218.9973,43736939.3,260
41,26.5,7,MAT,her-3a22,680938.6235,100097977.7,147
41,27.5,7,MAT,her-3a22,348963.1298,68047810.31,195
41,28,7,MAT,her-3a22,144374.5902,25843051.65,179
41,30,7,MAT,her-3a22,495675.4212,103761388.2,209.3333333
41,29,8,MAT,her-3a22,139586.2394,24846350.61,178
41,29.5,8,MAT,her-3a22,158985.4755,28776371.07,181
41,30,8,MAT,her-3a22,165225.1404,38167007.43,231
41,31.5,12,MAT,her-3a22,168218.9973,42054749.33,250
41,10,0,IMM,her-47d3,95153.9657,570923.7942,6
41,13.5,1,IMM,her-47d3,4209.9656,58939.5184,14
41,15,1,IMM,her-47d3,7405.2216,162914.8752,22
41,15.5,1,IMM,her-47d3,131063.772,3460083.581,26.4
41,16,1,IMM,her-47d3,853015.6138,26199765.28,30.71428571
41,16.5,1,IMM,her-47d3,3471524.063,117833445.3,33.94285714
41,17,1,IMM,her-47d3,1896447.912,71841909.12,37.88235294
41,17.5,1,IMM,her-47d3,2047795.52,84215590.76,41.125
41,18,1,IMM,her-47d3,4635274.274,204724613.8,44.16666667
41,18.5,1,IMM,her-47d3,8375773.712,406539116.5,48.5375
41,19,1,IMM,her-47d3,15928854.53,845114226.2,53.05555556
41,19.5,1,IMM,her-47d3,28030647.22,1593427100,56.84589041
41,20,1,IMM,her-47d3,21561767.63,1348144184,62.52475248
41,20.5,1,IMM,her-47d3,21256900.89,1407851711,66.23033708
41,21,1,IMM,her-47d3,18290118.72,1340983315,73.31736527
41,21.5,1,IMM,her-47d3,11918982.42,931035058.3,78.11363636
41,22,1,IMM,her-47d3,9129697.592,786595524.1,86.15789474
41,22.5,1,IMM,her-47d3,3213641.761,295070743.5,91.81818182
41,23,1,IMM,her-47d3,3256492.788,332162264.4,102
41,23.5,1,IMM,her-47d3,1250077.366,131258123.5,105
41,18.5,2,IMM,her-47d3,1675154.742,84595314.49,50.5
41,19,2,IMM,her-47d3,3048114.138,164696489.7,54.03225806
41,19.5,2,IMM,her-47d3,1343935.141,75260367.88,56
41,20,2,IMM,her-47d3,6084261.162,363134324.1,59.68421053
41,20.5,2,IMM,her-47d3,7523509.865,526168007.3,69.93650794
41,21,2,IMM,her-47d3,9637906.872,731714270.6,75.92045455
41,21.5,2,IMM,her-47d3,7855692.956,650261756.6,82.77586207
41,22,2,IMM,her-47d3,14575482.12,1356000348,93.03296703
41,22.5,2,IMM,her-47d3,10955596.91,1068974109,97.57333333
41,23,2,IMM,her-47d3,7001459.494,748504867.3,106.9069767
41,23.5,2,IMM,her-47d3,8750541.565,951933914.5,108.7857143
41,24,2,IMM,her-47d3,3843869.693,465632397,121.1363636
41,24.5,2,IMM,her-47d3,2603378.774,330228584.5,126.8461538
41,25,2,IMM,her-47d3,1661784.33,199414119.6,120
41,25.5,2,IMM,her-47d3,148296.1928,23430798.46,158
41,26,2,IMM,her-47d3,937186.404,134954842.2,144
41,26.5,2,IMM,her-47d3,272375.4494,35136432.97,129
41,22.5,3,IMM,her-47d3,292149.251,21034746.07,72
41,23,3,IMM,her-47d3,651298.5576,56011675.95,86
41,24,3,IMM,her-47d3,2795541.595,315896200.3,113
41,24.5,3,IMM,her-47d3,1201559.434,152598048.1,127
41,25,3,IMM,her-47d3,184642.7033,19756769.25,107
41,25.5,3,IMM,her-47d3,444888.5784,66733286.76,150
41,27,3,IMM,her-47d3,157622.7886,27741610.79,176
41,21.5,4,IMM,her-47d3,1218986.838,74358197.12,61
41,24.5,4,IMM,her-47d3,200259.9057,23029889.16,115
41,25.5,4,IMM,her-47d3,296592.3856,42264414.95,142.5
41,27,4,IMM,her-47d3,157622.7886,26165382.91,166
41,30,4,IMM,her-47d3,165225.1404,32218902.38,195
41,28.5,5,IMM,her-47d3,256132.756,48409090.88,189
41,27.5,6,IMM,her-47d3,174481.5649,27742568.82,159
41,22,1,MAT,her-47d3,1441531.199,131179339.1,91
41,23,1,MAT,her-47d3,1465421.755,167058080,114
41,22,2,MAT,her-47d3,4965274.129,458406921.2,92.32258065
41,22.5,2,MAT,her-47d3,4236164.14,412076518.5,97.27586207
41,23,2,MAT,her-47d3,976947.8364,114302896.9,117
41,23.5,2,MAT,her-47d3,2812674.074,336895850.2,119.7777778
41,24,2,MAT,her-47d3,3669148.344,478212334.1,130.3333333
41,24.5,2,MAT,her-47d3,4605977.831,592769320.9,128.6956522
41,25,2,MAT,her-47d3,3508211.363,543772761.2,155
41,25.5,2,MAT,her-47d3,2372739.085,358135305.6,150.9375
41,26,2,MAT,her-47d3,5623118.424,953430968.3,169.5555556
41,26.5,2,MAT,her-47d3,2723754.494,461540199,169.45
41,27,2,MAT,her-47d3,2364341.829,418961372.1,177.2
41,27.5,2,MAT,her-47d3,1570334.084,293477992.2,186.8888889
41,28,2,MAT,her-47d3,433123.7706,92255363.14,213
41,28.5,2,MAT,her-47d3,128066.378,28814935.05,225
41,22.5,3,MAT,her-47d3,1314671.63,144613879.2,110
41,23,3,MAT,her-47d3,162824.6394,12537497.23,77
41,24,3,MAT,her-47d3,174721.3497,15375478.77,88
41,24.5,3,MAT,her-47d3,2202858.963,257333978.8,116.8181818
41,25,3,MAT,her-47d3,2215712.44,307614743.7,138.8333333
41,25.5,3,MAT,her-47d3,741480.964,112260217.9,151.4
41,26,3,MAT,her-47d3,937186.404,170099332.3,181.5
41,27,3,MAT,her-47d3,315245.5772,55167976.01,175
41,27.5,3,MAT,her-47d3,872407.8245,164885078.8,189
41,28,3,MAT,her-47d3,288749.1804,60204204.11,208.5
41,28.5,3,MAT,her-47d3,256132.756,53019480.49,207
41,29,3,MAT,her-47d3,139586.2394,32663180.02,234
41,31.5,3,MAT,her-47d3,504656.9919,87473878.6,173.3333333
41,25.5,4,MAT,her-47d3,1631258.121,229117617.9,140.4545455
41,26.5,4,MAT,her-47d3,680938.6235,101187479.5,148.6
41,27.5,4,MAT,her-47d3,174481.5649,31232200.12,179
41,28,4,MAT,her-47d3,433123.7706,74930412.31,173
41,28.5,4,MAT,her-47d3,384199.134,76967893.18,200.3333333
41,26,5,MAT,her-47d3,156197.734,19524716.75,125
41,27,5,MAT,her-47d3,472868.3658,69669272.56,147.3333333
41,27.5,5,MAT,her-47d3,1570334.084,312496482.7,199
41,30,5,MAT,her-47d3,495675.4212,138623892.8,279.6666667
41,30.5,5,MAT,her-47d3,152270.1869,40503869.72,266
41,28.5,6,MAT,her-47d3,128066.378,25869408.36,202
41,29.5,6,MAT,her-47d3,635941.902,123372729,194
41,30.5,7,MAT,her-47d3,456810.5607,116791233.4,255.6666667
41,30,8,MAT,her-47d3,165225.1404,38001782.29,230
42,14,1,IMM,her-47d3,2606553.369,52131067.38,20
42,14.5,1,IMM,her-47d3,359412.4802,7188249.604,20
42,16,1,IMM,her-47d3,309809.5237,10533523.81,34
42,17.5,1,IMM,her-47d3,5380367.14,231355787,43
42,19,1,IMM,her-47d3,175994.4933,10031686.12,57
42,19.5,1,IMM,her-47d3,613012.6071,34941718.6,57
42,20,1,IMM,her-47d3,2718083.488,162745248.8,59.875
42,20.5,1,IMM,her-47d3,2974895.581,210102000.4,70.625
42,21,1,IMM,her-47d3,2066571.836,146726600.4,71
42,22,1,IMM,her-47d3,3403109.566,336907847.1,99
42,20.5,2,IMM,her-47d3,557792.9214,39045504.5,70
42,23.5,2,IMM,her-47d3,1684893.368,203872097.5,121
42,20,3,IMM,her-3a22,1019281.308,62176159.79,61
42,24,3,IMM,her-47d3,1027698.25,141822358.4,138
42,28,8,IMM,her-3a22,303863.7014,53176147.75,175
42,25,2,MAT,her-3a22,1530333.267,237201656.3,155
42,28,5,MAT,her-47d3,303863.7014,69280923.92,228
42,29,5,MAT,her-47d3,234011.008,51950443.78,222
42,27.5,6,MAT,her-3a22,303863.7014,60772740.28,200
42,25,2,-,her-3a22,1748952.305,262342845.7,150
42,26,3,-,her-3a22,256529.868,32322763.37,126
42,14,1,IMM,her-3a22,372364.767,8564389.641,23
42,14.5,1,IMM,her-3a22,3594124.802,82664870.45,23
42,15,1,IMM,her-3a22,11415551.97,288334748,25.25806452
42,15.5,1,IMM,her-3a22,5524085.272,160198472.9,29
42,16,1,IMM,her-3a22,3407904.761,98519428.54,28.90909091
42,16.5,1,IMM,her-3a22,2615775.906,86558402.69,33.09090909
42,17,1,IMM,her-3a22,5641766.505,194412224.1,34.45945946
42,17.5,1,IMM,her-3a22,915807.1728,35258576.15,38.5
42,18,1,IMM,her-3a22,221577.6952,8641530.113,39
42,18.5,1,IMM,her-3a22,1903768.347,102803490.7,54
42,19,1,IMM,her-3a22,3343895.373,165962807.2,49.63157895
42,19.5,1,IMM,her-3a22,1634700.286,98082017.14,60
42,21,1,IMM,her-3a22,344428.6394,23076718.84,67
42,21.5,1,IMM,her-3a22,2412636.806,188185670.9,78
42,17.5,2,IMM,her-3a22,572379.483,22322799.84,39
42,18,2,IMM,her-3a22,443155.3904,19388048.33,43.75
42,19,2,IMM,her-3a22,351988.9866,17599449.33,50
42,19.5,2,IMM,her-3a22,1634700.286,97673342.06,59.75
42,20,2,IMM,her-3a22,2038562.616,133695731.6,65.58333333
42,21,2,IMM,her-3a22,2066571.836,160159317.3,77.5
42,22,2,IMM,her-3a22,3582220.596,358222059.6,100
42,22.5,2,IMM,her-3a22,9094509.42,871254002.4,95.8
42,23,2,IMM,her-3a22,3553415.258,337761471.4,95.05263158
42,23.5,2,IMM,her-3a22,4305838.607,490678390.8,113.9565217
42,24.5,2,IMM,her-3a22,3045806.442,358702281.7,117.7692308
42,25.5,2,IMM,her-3a22,239307.4416,36614038.56,153
42,18.5,3,IMM,her-3a22,126917.8898,5838222.931,46
42,20,3,IMM,her-3a22,509640.654,33636283.16,66
42,21.5,3,IMM,her-3a22,2969399.146,265390048.6,89.375
42,22,3,IMM,her-3a22,179111.0298,16119992.68,90
42,22.5,3,IMM,her-3a22,3637803.768,380150493.8,104.5
42,23,3,IMM,her-3a22,561065.5671,50495901.04,90
42,24,3,IMM,her-3a22,822158.5996,85298954.71,103.75
42,25,3,IMM,her-3a22,1311714.229,183639992,140
42,26,3,IMM,her-3a22,769589.604,119286388.6,155
42,25.5,4,IMM,her-3a22,717922.3248,90458212.92,126
42,26.5,4,IMM,her-3a22,1519318.507,241571642.6,159
42,24,5,IMM,her-3a22,616618.9497,59195419.17,96
42,26.5,5,IMM,her-3a22,607727.4028,102098203.7,168
42,27,5,IMM,her-3a22,284812.9668,47563765.46,167
42,27.5,5,IMM,her-3a22,607727.4028,111214114.7,183
42,26,6,IMM,her-3a22,1539179.208,210354491.8,136.6666667
42,29.5,6,IMM,her-3a22,303863.7014,70800242.43,233
42,28.5,8,IMM,her-3a22,303863.7014,56822512.16,187
42,22.5,2,MAT,her-3a22,2000792.072,174068910.3,87
42,23,2,MAT,her-3a22,2244262.268,236769669.3,105.5
42,23.5,2,MAT,her-3a22,1497682.994,194698789.2,130
42,24,2,MAT,her-3a22,3905253.348,532347693.2,136.3157895
42,24.5,2,MAT,her-3a22,937171.2128,136592704.3,145.75
42,25,2,MAT,her-3a22,3497904.61,495390740.3,141.625
42,25.5,2,MAT,her-3a22,957229.7664,150524380.8,157.25
42,26,2,MAT,her-3a22,256529.868,41044778.88,160
42,26.5,2,MAT,her-3a22,607727.4028,100275021.5,165
42,27,2,MAT,her-3a22,569625.9336,96266782.78,169
42,27.5,2,MAT,her-3a22,607727.4028,119722298.4,197
42,22.5,3,MAT,her-3a22,1273231.319,110771124.7,87
42,23.5,3,MAT,her-3a22,2620945.239,336604252.8,128.4285714
42,25,3,MAT,her-3a22,1530333.267,224084514.1,146.4285714
42,25.5,3,MAT,her-3a22,957229.7664,132097707.8,138
42,26,3,MAT,her-3a22,256529.868,36683771.12,143
42,24.5,4,MAT,her-3a22,1640049.622,229606947.1,140
42,27,6,MAT,her-3a22,569625.9336,87152767.84,153
42,28,6,MAT,her-3a22,303863.7014,58037966.97,191
42,29,6,MAT,her-3a22,234011.008,52652476.8,225
42,30,8,MAT,her-3a22,303863.7014,70192515.02,231
42,31.5,12,MAT,her-3a22,303863.7014,75965925.35,250
42,12.5,1,IMM,her-47d3,825667.8474,12109795.1,14.66666667
42,13,1,IMM,her-47d3,15801196.84,260360629.8,16.47727273
42,13.5,1,IMM,her-47d3,34500373.51,631175254.3,18.29473684
42,14,1,IMM,her-47d3,9309119.175,194374408.4,20.88
42,14.5,1,IMM,her-47d3,28393585.94,661318963.6,23.29113924
42,15,1,IMM,her-47d3,6996628.624,187804242,26.84210526
42,15.5,1,IMM,her-47d3,9321893.897,266537114.4,28.59259259
42,16,1,IMM,her-47d3,7745238.093,239172952.3,30.88
42,16.5,1,IMM,her-47d3,6896136.478,234230842.5,33.96551724
42,17,1,IMM,her-47d3,9301290.724,367782184,39.54098361
42,17.5,1,IMM,her-47d3,9387023.521,337245991.4,35.92682927
42,18,1,IMM,her-47d3,17837004.46,728658250.7,40.85093168
42,18.5,1,IMM,her-47d3,10534184.85,437866719.8,41.56626506
42,19,1,IMM,her-47d3,8975719.158,467089385.2,52.03921569
42,19.5,1,IMM,her-47d3,8377838.964,464663556.2,55.46341463
42,20,1,IMM,her-47d3,9003651.554,555678193.1,61.71698113
42,20.5,1,IMM,her-47d3,10040272.59,695939634.9,69.31481481
42,21,1,IMM,her-47d3,18082503.57,1383053202,76.48571429
42,21.5,1,IMM,her-47d3,25796655.08,1961473723,76.03597122
42,22,1,IMM,her-47d3,18448436.07,1565251289,84.84466019
42,22.5,1,IMM,her-47d3,181890.1884,17279567.9,95
42,23,1,IMM,her-47d3,3179371.547,313074586.4,98.47058824
42,17.5,2,IMM,her-47d3,4693511.761,187740470.4,40
42,18.5,2,IMM,her-47d3,888425.2286,37821531.16,42.57142857
42,19.5,2,IMM,her-47d3,1634700.286,91338878.46,55.875
42,20,2,IMM,her-47d3,2378323.052,158668123.6,66.71428571
42,20.5,2,IMM,her-47d3,11527720.38,829066212.2,71.91935484
42,21,2,IMM,her-47d3,13088288.3,1001081840,76.48684211
42,21.5,2,IMM,her-47d3,15774932.96,1286677767,81.56470588
42,22,2,IMM,her-47d3,22388878.73,2056552844,91.856
42,22.5,2,IMM,her-47d3,22372493.17,2122112828,94.85365854
42,23,2,IMM,her-47d3,12156420.62,1354973345,111.4615385
42,23.5,2,IMM,her-47d3,7113994.22,784411467.9,110.2631579
42,24,2,IMM,her-47d3,3699713.698,440265930.1,119
42,24.5,2,IMM,her-47d3,1874342.426,260065011.6,138.75
42,20.5,3,IMM,her-47d3,2045240.712,122714442.7,60
42,21.5,3,IMM,her-47d3,2412636.806,197836218.1,82
42,23,3,IMM,her-47d3,1309152.99,136151910.9,104
42,24,3,IMM,her-47d3,1644317.199,192385112.3,117
42,24.5,3,IMM,her-47d3,1405756.819,176891066.4,125.8333333
42,25,3,IMM,her-47d3,655857.1143,78921472.75,120.3333333
42,25,4,IMM,her-47d3,218619.0381,32792855.72,150
42,25.5,4,IMM,her-47d3,239307.4416,35417501.36,148
42,23,1,MAT,her-47d3,1309152.99,149243440.8,114
42,18.5,2,MAT,her-47d3,380753.6694,17133915.12,45
42,20.5,2,MAT,her-47d3,743723.8952,43135985.92,58
42,22,2,MAT,her-47d3,4835997.805,458524236.3,94.81481481
42,22.5,2,MAT,her-47d3,3455913.58,330130691.9,95.52631579
42,23,2,MAT,her-47d3,1496174.846,154106009.1,103
42,23.5,2,MAT,her-47d3,5616311.226,683317865.8,121.6666667
42,24,2,MAT,her-47d3,3699713.698,490417604.7,132.5555556
42,24.5,2,MAT,her-47d3,5154441.67,674060394.8,130.7727273
42,25,2,MAT,her-47d3,2842047.495,407505887,143.3846154
42,25.5,2,MAT,her-47d3,2871689.299,443675996.7,154.5
42,26,2,MAT,her-47d3,1026119.472,168027063.5,163.75
42,26.5,2,MAT,her-47d3,2127045.91,363117123.2,170.7142857
42,27,2,MAT,her-47d3,1424064.834,275414138.9,193.4
42,27.5,2,MAT,her-47d3,1823182.208,346404619.6,190
42,29,2,MAT,her-47d3,234011.008,56396652.93,241
42,24.5,3,MAT,her-47d3,234292.8032,25537915.55,109
42,25,3,MAT,her-47d3,218619.0381,24048094.19,110
42,25.5,3,MAT,her-47d3,717922.3248,112235190.1,156.3333333
42,26,3,MAT,her-47d3,1539179.208,279361026.3,181.5
42,27,3,MAT,her-47d3,284812.9668,54684089.63,192
42,28,3,MAT,her-47d3,303863.7014,64722968.4,213
42,30,5,MAT,her-47d3,303863.7014,85993427.5,283
42,30,8,MAT,her-47d3,303863.7014,69888651.32,230
51,5,0,-,her-47d3,64139531.13,46406837.23,0.723529412
51,5.5,0,-,her-47d3,197368315.1,194615827.3,0.986054054
51,6,0,-,her-47d3,316167498.6,411569203.1,1.301744186
51,6.5,0,-,her-47d3,326043704.6,548056720.2,1.680930233
51,7,0,-,her-47d3,306777012.7,652553869.1,2.12712766
51,7.5,0,IMM,her-47d3,234671362.8,607106042.7,2.587047841
51,8,0,IMM,her-47d3,165558368.7,525348217.6,3.173190349
51,8.5,0,IMM,her-47d3,126763695.5,489259109.3,3.859615385
51,9,0,IMM,her-47d3,68023181.38,312214873.2,4.589830508
51,9.5,0,IMM,her-47d3,39692733.18,225488505.5,5.680851064
51,10,0,IMM,her-47d3,34072493.35,223884675.1,6.570833333
51,11,0,IMM,her-47d3,2414845.802,22458065.96,9.3
51,11.5,0,IMM,her-47d3,26827955.94,281693537.4,10.5
51,13.5,1,IMM,her-47d3,3978264.863,80559863.48,20.25
51,14,1,IMM,her-47d3,2700743.152,57615853.91,21.33333333
51,14.5,1,IMM,her-47d3,2967876.025,73009750.22,24.6
51,15,1,IMM,her-47d3,1386345.235,35351803.49,25.5
51,15.5,1,IMM,her-47d3,145699.7286,4079592.401,28
51,16,1,IMM,her-47d3,2555043.423,88148998.1,34.5
51,16.5,1,IMM,her-47d3,1277521.712,47268303.33,37
51,19,1,IMM,her-47d3,1277521.712,77928824.41,61
51,19.5,1,IMM,her-47d3,342539.0732,18497109.95,54
61,5,0,-,her-47d3,1547862.275,1115229.962,0.720496894
61,5.5,0,-,her-47d3,2278530.182,2014143.768,0.883966245
61,6,0,-,her-47d3,9874967.914,12122628.52,1.22761194
61,6.5,0,-,her-47d3,241672162.4,422411397.3,1.747869482
61,7,0,-,her-47d3,542888472.1,1092650706,2.012661462
61,7.5,0,-,her-47d3,253739030.5,592784512.1,2.336197592
61,8,0,-,her-47d3,118234701.3,370401084,3.132761194
61,8.5,0,-,her-47d3,93787166.51,379974167,4.051451613
61,7.5,0,IMM,her-47d3,4107854.79,10364433.62,2.523076923
61,8,0,IMM,her-47d3,1764697.034,5461737.32,3.095
61,9,0,IMM,her-47d3,37294797.99,169156026.9,4.535646688
61,9.5,0,IMM,her-47d3,14992657.15,82246483.41,5.485784314
61,10,0,IMM,her-47d3,8108450.254,53316056.15,6.575369458
61,10.5,0,IMM,her-47d3,4820074.382,36812136.7,7.637254902
61,11,0,IMM,her-47d3,3804078.312,35772512.82,9.403726708
61,11.5,0,IMM,her-47d3,3997210.346,39972103.46,10
61,12,0,IMM,her-47d3,6723220.052,82185569.25,12.22413793
61,12,1,IMM,her-47d3,1970598.981,23879022.94,12.11764706
61,12.5,1,IMM,her-47d3,3805407.235,60214973.3,15.82352941
61,13,1,IMM,her-47d3,7654195.148,129627498.5,16.93548387
61,13.5,1,IMM,her-47d3,108409.4148,1897164.759,17.5
61,14,1,IMM,her-47d3,54204.7074,1138298.855,21
61,14.5,1,IMM,her-47d3,685206.6524,16515843.1,24.10344828
61,15.5,1,IMM,her-47d3,354417.234,11341351.49,32
61,16,1,IMM,her-47d3,354417.234,12050185.96,34
61,17,1,IMM,her-47d3,354417.234,14176689.36,40
61,19.5,1,IMM,her-47d3,9614.0514,519158.7756,54
61,20.5,2,MAT,her-47d3,260199.508,16652768.51,64
61,22,2,MAT,her-47d3,23627.8156,1724830.539,73
71,13,1,IMM,her-47d3,78751.7184,1095141.084,13.90625
71,13.5,1,IMM,her-47d3,20442.7769,408855.538,20
71,14,1,IMM,her-47d3,77264.615,1614830.454,20.9
71,14.5,1,IMM,her-47d3,30233.3199,634899.7179,21
71,15,1,IMM,her-47d3,28727.421,652390.464,22.70967742
71,12,1,IMM,her-47d3,11518.9663,161265.5282,14
71,12.5,1,IMM,her-47d3,95238.6227,1347992.814,14.15384615
71,13,1,IMM,her-47d3,61524.78,888417.8232,14.44
71,13.5,1,IMM,her-47d3,50320.6816,989115.8977,19.65625
71,14,1,IMM,her-47d3,77264.615,1613285.161,20.88
71,14.5,1,IMM,her-47d3,37431.7294,902680.5513,24.11538462
71,15,1,IMM,her-47d3,67648.443,1731058.788,25.5890411
71,15.5,1,IMM,her-47d3,5008.8,132733.2,26.5
71,16,1,IMM,her-47d3,8012.151,248376.681,31
71,16.5,1,IMM,her-47d3,19914.612,637267.584,32
71,17,1,IMM,her-47d3,1220.0054,37820.1674,31
71,17.5,1,IMM,her-47d3,701.5031,27358.6209,39
71,18,1,IMM,her-47d3,610.0027,22570.0999,37
71,18,2,IMM,her-47d3,610.0027,23180.1026,38
71,9.5,0,IMM,her-47d3,196483.3446,1149427.566,5.85
71,10,0,IMM,her-47d3,589450.0338,4067205.233,6.9
71,10.5,0,IMM,her-47d3,294725.0169,2456041.808,8.333333333
71,11,0,IMM,her-47d3,785933.3784,7368125.423,9.375
71,11.5,0,IMM,her-47d3,687691.7061,7368125.423,10.71428571
71,12.5,0,IMM,her-47d3,7326.0479,102564.6706,14
71,11.5,1,IMM,her-47d3,98241.6723,1178900.068,12
71,12,1,IMM,her-47d3,92151.7304,1071263.866,11.625
71,12.5,1,IMM,her-47d3,234433.5328,3201482.932,13.65625
71,13,1,IMM,her-47d3,174730.3752,2721856.267,15.57746479
71,13.5,1,IMM,her-47d3,174549.8643,3118309.738,17.86486486
71,14,1,IMM,her-47d3,149893.3531,3191028.6,21.28865979
71,14.5,1,IMM,her-47d3,295134.7895,6812574.751,23.08292683
71,15,1,IMM,her-47d3,101936.01,2650336.26,26
71,15.5,1,IMM,her-47d3,130228.8,3477359.4,26.70192308
71,16,1,IMM,her-47d3,29644.9587,883740.2553,29.81081081
71,16.5,1,IMM,her-47d3,95590.1376,2780079.835,29.08333333
71,17,1,IMM,her-47d3,6710.0297,237291.0503,35.36363636
71,17.5,1,IMM,her-47d3,701.5031,28060.124,40
71,18.5,1,IMM,her-47d3,610.0027,26230.1161,43
71,18,2,IMM,her-47d3,610.0027,26230.1161,43
71,19,2,IMM,her-47d3,610.0027,27450.1215,45
71,16,1,MAT,her-47d3,4006.0755,116977.4046,29.2
71,22,2,MAT,her-47d3,610.0027,55510.2457,91
81,12.5,1,IMM,her-47d3,417035.2997,5421458.896,13
81,13.5,1,IMM,her-47d3,139011.7666,2502211.799,18
81,14.5,1,IMM,her-47d3,834070.5994,18349553.19,22
81,15,1,IMM,her-47d3,834070.5994,20017694.39,24
81,15.5,1,IMM,her-47d3,3336282.398,94083163.62,28.2
81,16,1,IMM,her-47d3,2085176.498,64872157.73,31.11111111
81,16.5,1,IMM,her-47d3,4173500.978,134943198.3,32.33333333
81,17,1,IMM,her-47d3,3336282.398,125825507.6,37.71428571
81,17.5,1,IMM,her-47d3,1880158.61,76023804.65,40.43478261
81,18,1,IMM,her-47d3,1816194.712,81285787.72,44.75609756
81,18.5,1,IMM,her-47d3,2731443.565,128541734.2,47.06
81,19,1,IMM,her-47d3,2321659.565,119841855.7,51.61904762
81,19.5,1,IMM,her-47d3,4352191.11,236850821.5,54.42105263
81,20,1,IMM,her-47d3,4583933.64,281182656.7,61.34090909
81,20.5,1,IMM,her-47d3,2934199.531,195575684.1,66.65384615
81,21,1,IMM,her-47d3,727968.315,45740675.79,62.83333333
81,21.5,1,IMM,her-47d3,195997.637,14013831.05,71.5
81,18,2,IMM,her-47d3,177189.728,7441968.576,42
81,19,2,IMM,her-47d3,718608.9131,39689323.05,55.23076923
81,20.5,2,IMM,her-47d3,225707.6562,14219582.34,63
81,21.5,2,IMM,her-47d3,391995.274,30575631.37,78
81,22,2,IMM,her-47d3,148302.6456,12111382.72,81.66666667
81,17.5,1,MAT,her-47d3,81746.0265,3515079.14,43
81,20,1,MAT,her-47d3,2708688.06,163458906.4,60.34615385
81,20.5,1,MAT,her-47d3,1128538.281,73354988.27,65
81,21,1,MAT,her-47d3,1334608.578,96577129.79,72.36363636
81,21.5,1,MAT,her-47d3,685991.7295,51841374.99,75.57142857
81,22,1,MAT,her-47d3,98868.4304,7761171.786,78.5
81,22.5,1,MAT,her-47d3,2203.5865,191712.0255,87
81,21,2,MAT,her-47d3,1455936.63,103128844.6,70.83333333
81,21.5,2,MAT,her-47d3,489994.0925,37043553.39,75.6
81,22,2,MAT,her-47d3,790947.4432,65846374.65,83.25
81,22.5,2,MAT,her-47d3,19832.2785,1696761.605,85.55555556
81,23,2,MAT,her-47d3,25183.845,2498237.424,99.2
81,23.5,2,MAT,her-47d3,375522.0294,37927724.97,101
81,24,2,MAT,her-47d3,6295.9614,679963.8312,108
81,25.5,2,MAT,her-47d3,2098.6538,291712.8782,139
81,26,2,MAT,her-47d3,5666.3652,863176.2988,152.3333333
81,27,2,MAT,her-47d3,3147.9807,566636.526,180
81,23.5,3,MAT,her-47d3,375522.0294,39554987.1,105.3333333
81,24.5,3,MAT,her-47d3,6295.9614,736627.4838,117
81,26,3,MAT,her-47d3,1888.7884,279540.6832,148
81,25.5,4,MAT,her-47d3,2098.6538,300107.4934,143
81,25.5,5,MAT,her-47d3,2098.6538,268627.6864,128
81,26,7,MAT,her-47d3,1888.7884,268207.9528,142
91,27.5,6,-,her-47d3,1152755.131,213259699.2,185
91,16,1,IMM,her-47d3,285432.032,8705676.976,30.5
91,16.5,1,IMM,her-47d3,2617369.212,96842660.84,37
91,17,1,IMM,her-47d3,5220299.262,193151072.7,37
91,17.5,1,IMM,her-47d3,1638043.294,69343832.76,42.33333333
91,18,1,IMM,her-47d3,6219986.221,285536242.4,45.90625
91,18.5,1,IMM,her-47d3,8113103.372,388076778,47.83333333
91,19,1,IMM,her-47d3,8769591.508,444641991,50.7027027
91,19.5,1,IMM,her-47d3,28357366.38,1535513069,54.14864865
91,20,1,IMM,her-47d3,31614897.77,1919345025,60.71014493
91,20.5,1,IMM,her-47d3,45384707.68,2933573605,64.63793103
91,21,1,IMM,her-47d3,3649154.713,238411441.2,65.33333333
91,21.5,1,IMM,her-47d3,1169957.087,83651931.72,71.5
91,18,2,IMM,her-47d3,388749.1388,16327463.83,42
91,19,2,IMM,her-47d3,3318223.814,181791261.8,54.78571429
91,20.5,2,IMM,her-47d3,1564989.92,98594364.96,63
91,21,2,IMM,her-47d3,3040962.261,249602182.3,82.08
91,21.5,2,IMM,her-47d3,7019742.522,585973007,83.475
91,22,2,IMM,her-47d3,13263948.97,1201429550,90.57857143
91,22.5,2,IMM,her-47d3,11609315.18,1182176565,101.83
91,23,2,IMM,her-47d3,7621998.542,899395827.9,118
91,23.5,2,IMM,her-47d3,3331052.224,393896925.5,118.25
91,25,2,IMM,her-47d3,2708450.67,360223939.1,133
91,22,3,IMM,her-47d3,1894849.853,218855158.1,115.5
91,23,3,IMM,her-47d3,4355427.738,484541335.9,111.25
91,23.5,3,IMM,her-47d3,22484602.51,2716473089,120.8148148
91,24,3,IMM,her-47d3,1506290.325,167198226.1,111
91,17.5,1,MAT,her-47d3,182004.8104,7826206.847,43
91,20,1,MAT,her-47d3,15120168.5,920955717.6,60.90909091
91,20.5,1,MAT,her-47d3,15649899.2,1016460953,64.95
91,21,1,MAT,her-47d3,9122886.782,655023270.9,71.8
91,21.5,1,MAT,her-47d3,5849785.435,444583693.1,76
91,22,1,MAT,her-47d3,4737124.634,364758596.8,77
91,22.5,1,MAT,her-47d3,1160931.518,101001042.1,87
91,21,2,MAT,her-47d3,9122886.782,642859421.9,70.46666667
91,21.5,2,MAT,her-47d3,15209442.13,1204880306,79.21923077
91,22,2,MAT,her-47d3,53055795.9,4689753387,88.39285714
91,22.5,2,MAT,her-47d3,73138685.65,7129744826,97.48253968
91,23,2,MAT,her-47d3,83841983.96,8776404663,104.6779221
91,23.5,2,MAT,her-47d3,79112490.32,9351096356,118.2
91,24,2,MAT,her-47d3,71548790.44,8720667837,121.8842105
91,24.5,2,MAT,her-47d3,64009953.04,8521645048,133.13
91,25,2,MAT,her-47d3,44012323.39,5890203095,133.8307692
91,25.5,2,MAT,her-47d3,38960206.12,5707360988,146.4920635
91,26,2,MAT,her-47d3,17285090.94,2826688538,163.5333333
91,26.5,2,MAT,her-47d3,7421424.007,1218826174,164.2307692
91,27,2,MAT,her-47d3,2225377.265,413920171.3,186
91,22.5,3,MAT,her-47d3,5804657.591,666374691.4,114.8
91,23,3,MAT,her-47d3,29399137.23,3267877432,111.1555556
91,23.5,3,MAT,her-47d3,78279727.26,9120420989,116.5106383
91,24,3,MAT,her-47d3,170963951.9,21533173341,125.9515419
91,24.5,3,MAT,her-47d3,209952646,28367930988,135.1158537
91,25,3,MAT,her-47d3,224124292.9,31959040793,142.5951662
91,25.5,3,MAT,her-47d3,128630521.8,18432506405,143.2980769
91,26,3,MAT,her-47d3,95068000.15,14815051442,155.8363636
91,26.5,3,MAT,her-47d3,29114817.26,4863887119,167.0588235
91,27,3,MAT,her-47d3,13908607.91,2551951378,183.48
91,27.5,3,MAT,her-47d3,8645663.481,1714723257,198.3333333
91,28,3,MAT,her-47d3,9768665.415,2074041910,212.3157895
91,23,4,MAT,her-47d3,5444284.673,751311284.8,138
91,23.5,4,MAT,her-47d3,2498289.168,319781013.5,128
91,24,4,MAT,her-47d3,15062903.25,1955917987,129.85
91,24.5,4,MAT,her-47d3,28804478.87,3821394196,132.6666667
91,25,4,MAT,her-47d3,91410210.11,12889516739,141.0074074
91,25.5,4,MAT,her-47d3,144709337,22096621028,152.6965812
91,26,4,MAT,her-47d3,59921648.58,9252709179,154.4134615
91,26.5,4,MAT,her-47d3,62796664.68,10366016702,165.0727273
91,27,4,MAT,her-47d3,25591838.55,4432395167,173.1956522
91,27.5,4,MAT,her-47d3,1729132.696,287036027.6,166
91,28,4,MAT,her-47d3,2056561.14,410798087.7,199.75
91,28.5,4,MAT,her-47d3,3571018.587,778482052,218
91,29,4,MAT,her-47d3,439938.2574,94146787.08,214
91,24.5,5,MAT,her-47d3,5120796.243,691307492.8,135
91,25,5,MAT,her-47d3,27084506.7,3801310515,140.35
91,25.5,5,MAT,her-47d3,69262588.65,10381348890,149.8839286
91,26,5,MAT,her-47d3,154989648.7,23920261178,154.3345725
91,26.5,5,MAT,her-47d3,136440026,22839717822,167.3974895
91,27,5,MAT,her-47d3,96803911.02,17014678222,175.7643678
91,27.5,5,MAT,her-47d3,116428268.2,21544417017,185.0445545
91,28,5,MAT,her-47d3,41645363.09,8446296602,202.8148148
91,28.5,5,MAT,her-47d3,23657998.14,5152087067,217.7735849
91,29,5,MAT,her-47d3,18917345.07,4395863068,232.372093
91,29.5,5,MAT,her-47d3,7006861.124,1690302204,241.2352941
91,30,5,MAT,her-47d3,1945221.683,476255108.7,244.8333333
91,30.5,5,MAT,her-47d3,1672054.432,437660247.5,261.75
91,22.5,6,MAT,her-47d3,1160931.518,121897809.4,105
91,25.5,6,MAT,her-47d3,1236831.94,180577463.3,146
91,26,6,MAT,her-47d3,38603369.76,6297534798,163.1343284
91,26.5,6,MAT,her-47d3,35394483.73,6036472112,170.5483871
91,27,6,MAT,her-47d3,59528841.83,10511013166,176.5700935
91,27.5,6,MAT,her-47d3,19020459.66,3411578810,179.3636364
91,28,6,MAT,her-47d3,29305996.25,5983564637,204.1754386
91,28.5,6,MAT,her-47d3,19194224.91,4113813412,214.3255814
91,29,6,MAT,her-47d3,12758209.46,2980581694,233.6206897
91,29.5,6,MAT,her-47d3,13189385.64,3257366086,246.96875
91,30,6,MAT,her-47d3,4538850.593,1163242566,256.2857143
91,30.5,6,MAT,her-47d3,2926095.255,757440657.5,258.8571429
91,31,6,MAT,her-47d3,1381026.581,358376397.7,259.5
91,26,7,MAT,her-47d3,576169.6979,81816097.1,142
91,26.5,7,MAT,her-47d3,14842848.01,2449069922,165
91,27,7,MAT,her-47d3,2781721.581,486801276.7,175
91,27.5,7,MAT,her-47d3,6916530.785,1362556565,197
91,28,7,MAT,her-47d3,9254525.13,1767100160,190.9444444
91,28.5,7,MAT,her-47d3,6695659.851,1425282794,212.8666667
91,29,7,MAT,her-47d3,3079567.802,704341150.1,228.7142857
91,29.5,7,MAT,her-47d3,3297346.411,789302297.2,239.375
91,30,7,MAT,her-47d3,1296814.455,335226536.7,258.5
91,31.5,7,MAT,her-47d3,705263.7374,185484362.9,263
91,27.5,8,MAT,her-47d3,1152755.131,190780974.1,165.5
91,28,8,MAT,her-47d3,1542420.855,294602383.3,191
91,28.5,8,MAT,her-47d3,2231886.617,492800565,220.8
91,29,8,MAT,her-47d3,2199691.287,534524982.7,243
91,29.5,8,MAT,her-47d3,4533851.315,1077820108,237.7272727
91,30.5,8,MAT,her-47d3,836027.2158,230743511.6,276
91,31.5,8,MAT,her-47d3,1410527.475,397768747.9,282
91,32,8,MAT,her-47d3,335424.8614,97944059.53,292
91,28.5,9,MAT,her-47d3,2231886.617,445038191.4,199.4
91,29,9,MAT,her-47d3,2199691.287,456215972.9,207.4
91,29.5,9,MAT,her-47d3,824336.6028,232462922,282
91,30,9,MAT,her-47d3,648407.2276,170206897.2,262.5
91,29,10,MAT,her-47d3,1759753.03,369548136.2,210
91,29.5,10,MAT,her-47d3,412168.3014,87791848.2,213
91,30,10,MAT,her-47d3,648407.2276,164695435.8,254
91,31,10,MAT,her-47d3,345256.6452,99433913.82,288
91,31.5,10,MAT,her-47d3,705263.7374,205231747.6,291
91,31,11,MAT,her-47d3,345256.6452,97707630.59,283
101,12.5,1,IMM,her-47d3,5545265.305,72088448.96,13
101,13.5,1,IMM,her-47d3,1848421.768,33271591.83,18
101,14.5,1,IMM,her-47d3,11090530.61,243991673.4,22
101,15,1,IMM,her-47d3,11090530.61,266172734.6,24
101,15.5,1,IMM,her-47d3,44362122.44,1237703216,27.9
101,16,1,IMM,her-47d3,27726326.52,867437929.8,31.28571429
101,16.5,1,IMM,her-47d3,55452653.05,1796665959,32.4
101,17,1,IMM,her-47d3,44362122.44,1688225215,38.05555556
101,17.5,1,IMM,her-47d3,25877904.76,1027722503,39.71428571
101,18,1,IMM,her-47d3,25877904.76,1048055143,40.5
101,18.5,1,IMM,her-47d3,22181061.22,995375122.2,44.875
101,19,1,IMM,her-47d3,16635795.91,835486639.3,50.22222222
101,19.5,1,IMM,her-47d3,7393687.073,414046476.1,56
111,27.5,4,-,her-47d3,12408936.86,2481787372,200
111,29.5,5,-,her-47d3,12013024.61,2991243127,249
111,31,5,-,her-47d3,1287196.594,346255883.9,269
111,31.5,5,-,her-47d3,1372605.94,360995362.2,263
111,28,6,-,her-47d3,4726418.91,973642295.4,206
111,29.5,6,-,her-47d3,5339122.048,1110537386,208
111,21,1,IMM,her-47d3,358116.3655,27252655.41,76.1
111,22,1,IMM,her-47d3,1111027.709,102881165.8,92.6
111,21,2,IMM,her-47d3,358116.3655,28040511.42,78.3
111,21.5,2,IMM,her-47d3,2348734.661,195884470.7,83.4
111,22,2,IMM,her-47d3,555513.8544,58884468.57,106
111,22.5,2,IMM,her-47d3,2948117.776,291667118.7,98.93333333
111,24,2,IMM,her-47d3,1360878.185,129827778.8,95.4
111,23,3,IMM,her-47d3,445240.7234,52983646.08,119
111,23.5,3,IMM,her-47d3,563094.1339,73202237.41,130
111,22,2,MAT,her-47d3,1111027.709,110325051.5,99.3
111,22.5,2,MAT,her-47d3,491352.9627,50609355.16,103
111,23,2,MAT,her-47d3,3561925.787,367190024.6,103.0875
111,23.5,2,MAT,her-47d3,6757129.607,778759187.2,115.25
111,24,2,MAT,her-47d3,2721756.369,344982619.8,126.75
111,24.5,2,MAT,her-47d3,2166969.654,281706055,130
111,25.5,2,MAT,her-47d3,19472379.19,2920856878,150
111,27,2,MAT,her-47d3,988631.9115,173010584.5,175
111,23,3,MAT,her-47d3,445240.7234,53428886.81,120
111,23.5,3,MAT,her-47d3,11261882.68,1284417719,114.05
111,24,3,MAT,her-47d3,39465467.35,4883511365,123.7413793
111,24.5,3,MAT,her-47d3,62119796.74,8269878522,133.127907
111,25,3,MAT,her-47d3,107014648.3,14519096083,135.673913
111,25.5,3,MAT,her-47d3,146927952,21892264853,149
111,26,3,MAT,her-47d3,118419869.3,18786531986,158.6434109
111,26.5,3,MAT,her-47d3,79684501.61,13641049211,171.1882353
111,27,3,MAT,her-47d3,78101921.01,13882369301,177.7468354
111,27.5,3,MAT,her-47d3,87896636.09,17394227242,197.8941176
111,28,3,MAT,her-47d3,11816047.27,2484914742,210.3
111,28.5,3,MAT,her-47d3,5193450.906,1195792071,230.25
111,29,3,MAT,her-47d3,2654878.514,626551329.3,236
111,23,4,MAT,her-47d3,445240.7234,57881294.04,130
111,23.5,4,MAT,her-47d3,1126188.268,148093757.2,131.5
111,24,4,MAT,her-47d3,2041317.277,255164659.6,125
111,24.5,4,MAT,her-47d3,18058080.45,2407503285,133.32
111,25,4,MAT,her-47d3,37997954.82,5496520485,144.6530612
111,25.5,4,MAT,her-47d3,86740598.19,12608365523,145.3571429
111,26,4,MAT,her-47d3,73438678.66,12080662640,164.5
111,26.5,4,MAT,her-47d3,81559431.06,13761044695,168.7241379
111,27,4,MAT,her-47d3,59317914.69,10374703279,174.9
111,27.5,4,MAT,her-47d3,40329044.79,8145432970,201.974359
111,28,4,MAT,her-47d3,50809003.28,10754966229,211.6744186
111,28.5,4,MAT,her-47d3,28563979.98,6404823330,224.2272727
111,29,4,MAT,her-47d3,9292074.798,2192929652,236
111,29.5,4,MAT,her-47d3,6673902.56,1629767005,244.2
111,31.5,4,MAT,her-47d3,1372605.94,403546146.3,294
111,24.5,5,MAT,her-47d3,13001817.92,1939437840,149.1666667
111,25,5,MAT,her-47d3,24039522.44,3530707924,146.8709677
111,25.5,5,MAT,her-47d3,33634109.5,5047771750,150.0789474
111,26,5,MAT,her-47d3,152385258.2,25393259115,166.6385542
111,26.5,5,MAT,her-47d3,230616322.3,39360393935,170.6747967
111,27,5,MAT,her-47d3,174987848.3,32788965977,187.3785311
111,27.5,5,MAT,her-47d3,226463097.7,43511937097,192.1369863
111,28,5,MAT,her-47d3,255226621.1,53520786128,209.6990741
111,28.5,5,MAT,her-47d3,328485769.8,74006675411,225.2964427
111,29,5,MAT,her-47d3,237611627,56939179485,239.6312849
111,29.5,5,MAT,her-47d3,221573565,55269256660,249.439759
111,30,5,MAT,her-47d3,163519936.1,43190885589,264.1322314
111,30.5,5,MAT,her-47d3,113605025.6,31102247793,273.7752809
111,31,5,MAT,her-47d3,36041504.64,10078749333,279.6428571
111,31.5,5,MAT,her-47d3,27452118.8,7841697735,285.65
111,32,5,MAT,her-47d3,5743622.515,1651291473,287.5
111,32.5,5,MAT,her-47d3,1523683.046,510433820.3,335
111,35,5,MAT,her-47d3,1872431.984,681565242.3,364
111,25,6,MAT,her-47d3,3877342.329,569969322.3,147
111,25.5,6,MAT,her-47d3,7965973.303,1290487675,162
111,26,6,MAT,her-47d3,26621521.02,4499037052,169
111,26.5,6,MAT,her-47d3,39373518.44,7267226547,184.5714286
111,27,6,MAT,her-47d3,103806350.7,18043521017,173.8190476
111,27.5,6,MAT,her-47d3,72385465.01,14450206973,199.6285714
111,28,6,MAT,her-47d3,126431705.8,26211537668,207.317757
111,28.5,6,MAT,her-47d3,81796851.77,18939217091,231.5396825
111,29,6,MAT,her-47d3,189823813.7,45394440268,239.1398601
111,29.5,6,MAT,her-47d3,154834539.4,38980930072,251.7586207
111,30,6,MAT,her-47d3,160817127.2,43008445991,267.4369748
111,30.5,6,MAT,her-47d3,90628728.28,24659949319,272.0985915
111,31,6,MAT,her-47d3,57923846.74,16065500693,277.3555556
111,31.5,6,MAT,her-47d3,16471271.28,4841181150,293.9166667
111,32,6,MAT,her-47d3,8615433.773,2670784470,310
111,32.5,6,MAT,her-47d3,6094732.183,1900032758,311.75
111,33,6,MAT,her-47d3,6961628.631,2393059842,343.75
111,33.5,6,MAT,her-47d3,4312516.518,1388630319,322
111,26,7,MAT,her-47d3,4589917.417,780285960.8,170
111,27,7,MAT,her-47d3,24715797.79,4099856537,165.88
111,27.5,7,MAT,her-47d3,15511171.07,3118779464,201.0666667
111,28,7,MAT,her-47d3,16542466.18,3564901463,215.5
111,28.5,7,MAT,her-47d3,29862342.71,6612561366,221.4347826
111,29,7,MAT,her-47d3,23893906.62,5551350972,232.3333333
111,29.5,7,MAT,her-47d3,24026049.22,6026534012,250.8333333
111,30,7,MAT,her-47d3,48650559.49,12749149395,262.0555556
111,30.5,7,MAT,her-47d3,35740906.93,10343163173,289.3928571
111,31,7,MAT,her-47d3,41190291.02,11741807333,285.0625
111,31.5,7,MAT,her-47d3,12353453.46,3636033135,294.3333333
111,32,7,MAT,her-47d3,10051339.4,3173351440,315.7142857
111,32.5,7,MAT,her-47d3,1523683.046,476912793.3,313
111,33,7,MAT,her-47d3,1740407.158,532564590.3,306
111,27,8,MAT,her-47d3,7909055.292,1423629953,180
111,27.5,8,MAT,her-47d3,3102234.215,508766411.2,164
111,28,8,MAT,her-47d3,7089628.364,1413199254,199.3333333
111,28.5,8,MAT,her-47d3,11685264.54,2383793966,204
111,29,8,MAT,her-47d3,11946953.31,2723905355,228
111,29.5,8,MAT,her-47d3,36039073.82,8664060303,240.4074074
111,30,8,MAT,her-47d3,22973875.31,5806984837,252.7647059
111,30.5,8,MAT,her-47d3,29358602.12,8425918808,287
111,31,8,MAT,her-47d3,20595145.51,6069131942,294.6875
111,31.5,8,MAT,her-47d3,16471271.28,5052562465,306.75
111,32,8,MAT,her-47d3,12923150.66,3927201895,303.8888889
111,32.5,8,MAT,her-47d3,6094732.183,1979264276,324.75
111,33,8,MAT,her-47d3,1740407.158,530824183.1,305
111,33.5,8,MAT,her-47d3,1437505.506,467189289.4,325
111,28.5,9,MAT,her-47d3,14281989.99,3023886790,211.7272727
111,29,9,MAT,her-47d3,9292074.798,2028327185,218.2857143
111,29.5,9,MAT,her-47d3,8008683.072,2202387845,275
111,30,9,MAT,her-47d3,9459831.011,2389283033,252.5714286
111,30.5,9,MAT,her-47d3,2552921.923,699500607,274
111,31,9,MAT,her-47d3,7723179.566,2171500655,281.1666667
111,31.5,9,MAT,her-47d3,4117817.82,1147498566,278.6666667
111,32,9,MAT,her-47d3,5743622.515,1781958885,310.25
111,32.5,9,MAT,her-47d3,6094732.183,2088969456,342.75
111,33,9,MAT,her-47d3,1740407.158,617844541,355
111,33.5,9,MAT,her-47d3,1437505.506,491626883,342
111,35.5,9,MAT,her-47d3,1354274.706,509207289.3,376
111,29,10,MAT,her-47d3,2654878.514,708852563.2,267
111,29.5,10,MAT,her-47d3,4004341.536,904981187.1,226
111,30,10,MAT,her-47d3,2702808.86,689216259.4,255
111,30.5,10,MAT,her-47d3,5105843.847,1307096025,256
111,31,10,MAT,her-47d3,5148786.377,1538199930,298.75
111,31.5,10,MAT,her-47d3,4117817.82,1290249584,313.3333333
111,32.5,10,MAT,her-47d3,1523683.046,452533864.6,297
111,30.5,11,MAT,her-47d3,2552921.923,778641186.6,305
111,31,11,MAT,her-47d3,1287196.594,296055216.7,230
111,32.5,11,MAT,her-47d3,1523683.046,530241699.9,348
111,33,11,MAT,her-47d3,1740407.158,630027391.1,362
111,31.5,12,MAT,her-47d3,2745211.88,867486954,316
121,31,5,-,her-47d3,417825.7717,112395132.6,269
121,21.5,2,IMM,her-47d3,930901.3058,73401567.96,78.85
121,22.5,2,IMM,her-47d3,358662.6735,33367584.06,93.03333333
121,23,2,IMM,her-47d3,519985.1639,60318279.01,116
121,23.5,3,IMM,her-47d3,559855.4925,72781214.03,130
121,22,2,MAT,her-47d3,119554.2245,12194530.9,102
121,23,2,MAT,her-47d3,3639896.147,374441316.5,102.8714286
121,23.5,2,MAT,her-47d3,5038699.433,567917411.6,112.7111111
121,24,2,MAT,her-47d3,2210999.58,253527951.8,114.6666667
121,24.5,2,MAT,her-47d3,4307944.865,556442878.4,129.1666667
121,25,2,MAT,her-47d3,684405.441,87603896.45,128
121,27,2,MAT,her-47d3,451539.1455,79019350.46,175
121,23.5,3,MAT,her-47d3,19594942.24,2274692866,116.0857143
121,24,3,MAT,her-47d3,60433988.51,7437802586,123.0731707
121,24.5,3,MAT,her-47d3,127084373.5,17131978739,134.8079096
121,25,3,MAT,her-47d3,95816761.74,13055718193,136.2571429
121,25.5,3,MAT,her-47d3,100800518.6,14565067699,144.4939759
121,26,3,MAT,her-47d3,43234828.64,6743603866,155.9761905
121,26.5,3,MAT,her-47d3,11124833.2,1749017255,157.2173913
121,27,3,MAT,her-47d3,9482322.056,1555100817,164
121,27.5,3,MAT,her-47d3,4277260.216,795570400.2,186
121,28,3,MAT,her-47d3,1934184.49,425520587.7,220
121,28.5,3,MAT,her-47d3,2804882.476,510488610.6,182
121,29,3,MAT,her-47d3,2369945.777,559307203.3,236
121,23,4,MAT,her-47d3,519985.1639,67598071.31,130
121,24,4,MAT,her-47d3,17687996.64,2122559597,120
121,24.5,4,MAT,her-47d3,17949770.27,2379421547,132.56
121,25,4,MAT,her-47d3,49277191.75,6639417183,134.7361111
121,25.5,4,MAT,her-47d3,52221955.4,7512067561,143.8488372
121,26,4,MAT,her-47d3,13896909.2,2152991526,154.9259259
121,26.5,4,MAT,her-47d3,13543275.2,2062447338,152.2857143
121,27,4,MAT,her-47d3,11740017.78,1957422196,166.7307692
121,27.5,4,MAT,her-47d3,475251.1351,83644199.78,176
121,28,4,MAT,her-47d3,22726667.75,4663802351,205.212766
121,28.5,4,MAT,her-47d3,9349608.252,1988194195,212.65
121,29,4,MAT,her-47d3,5687869.864,1244221533,218.75
121,29.5,4,MAT,her-47d3,2260968.758,535849595.5,237
121,25,5,MAT,her-47d3,26007406.76,3646512190,140.2105263
121,25.5,5,MAT,her-47d3,7894016.514,1201104974,152.1538462
121,26,5,MAT,her-47d3,57131737.84,9305782163,162.8828829
121,26.5,5,MAT,her-47d3,79324897.62,13286436662,167.4939024
121,27,5,MAT,her-47d3,48766227.71,8772502519,179.8888889
121,27.5,5,MAT,her-47d3,53703378.27,9677538864,180.2035398
121,28,5,MAT,her-47d3,36749505.3,7320888293,199.2105263
121,28.5,5,MAT,her-47d3,47215521.67,10275219469,217.6237624
121,29,5,MAT,her-47d3,46924926.37,11131161323,237.2121212
121,29.5,5,MAT,her-47d3,29844787.6,7550279069,252.9848485
121,30,5,MAT,her-47d3,30234029.72,7886500843,260.8484848
121,30.5,5,MAT,her-47d3,14550342.64,3949756648,271.4545455
121,31,5,MAT,her-47d3,5849560.804,1613643130,275.8571429
121,31.5,5,MAT,her-47d3,3068739.423,873275561.6,284.5714286
121,32,5,MAT,her-47d3,449473.4557,118211518.8,263
121,25.5,6,MAT,her-47d3,6679552.435,1008612418,151
121,26,6,MAT,her-47d3,11838107.84,1839539018,155.3913043
121,26.5,6,MAT,her-47d3,6771637.601,1104744306,163.1428571
121,27,6,MAT,her-47d3,18061565.82,3178384045,175.975
121,27.5,6,MAT,her-47d3,33267579.46,6404009045,192.5
121,28,6,MAT,her-47d3,19341844.9,3898832385,201.575
121,28.5,6,MAT,her-47d3,14491892.79,3188216414,220
121,29,6,MAT,her-47d3,21803501.14,5065996092,232.3478261
121,29.5,6,MAT,her-47d3,25322850.08,6316694515,249.4464286
121,30,6,MAT,her-47d3,23820750.69,6162244967,258.6923077
121,30.5,6,MAT,her-47d3,17195859.49,4697996995,273.2051282
121,31,6,MAT,her-47d3,11281295.84,3062245081,271.4444444
121,31.5,6,MAT,her-47d3,3068739.423,896510303,292.1428571
121,32,6,MAT,her-47d3,449473.4557,130347302.2,290
121,32.5,6,MAT,her-47d3,1275142.642,368941271.1,289.3333333
121,33,6,MAT,her-47d3,333503.6869,118060305.2,354
121,33.5,6,MAT,her-47d3,1003505.499,339184858.6,338
121,26.5,7,MAT,her-47d3,3385818.801,575589196.1,170
121,28,7,MAT,her-47d3,5802553.469,1085561045,187.0833333
121,28.5,7,MAT,her-47d3,1402441.238,284695571.3,203
121,29,7,MAT,her-47d3,7583826.485,1778407311,234.5
121,29.5,7,MAT,her-47d3,2713162.509,579260195.7,213.5
121,30,7,MAT,her-47d3,3206639.516,852966111.2,266
121,30.5,7,MAT,her-47d3,8818389.48,2358478266,267.45
121,31,7,MAT,her-47d3,5013909.26,1417265018,282.6666667
121,31.5,7,MAT,her-47d3,2191956.731,635667452,290
121,32,7,MAT,her-47d3,898946.9114,263840918.5,293.5
121,33.5,7,MAT,her-47d3,1003505.499,300549896.9,299.5
121,27.5,8,MAT,her-47d3,475251.1351,79842190.7,168
121,28.5,8,MAT,her-47d3,4674804.126,954595002.5,204.2
121,29,8,MAT,her-47d3,473989.1553,109017505.7,230
121,29.5,8,MAT,her-47d3,10852650.04,2702309859,249
121,30,8,MAT,her-47d3,4580913.594,1123698105,245.3
121,30.5,8,MAT,her-47d3,7936550.532,2179024041,274.5555556
121,31,8,MAT,her-47d3,2924780.402,851111097,291
121,31.5,8,MAT,her-47d3,3507130.77,1029342881,293.5
121,32,8,MAT,her-47d3,2696840.734,778488025.3,288.6666667
121,32.5,8,MAT,her-47d3,1275142.642,417821739.1,327.6666667
121,27,9,MAT,her-47d3,4515391.455,871470550.8,193
121,28,9,MAT,her-47d3,5802553.469,1144070126,197.1666667
121,28.5,9,MAT,her-47d3,4207323.713,765732915.8,182
121,29,9,MAT,her-47d3,947978.3106,202867358.5,214
121,29.5,9,MAT,her-47d3,904387.503,188112600.6,208
121,30,9,MAT,her-47d3,4122822.235,1063230045,257.8888889
121,30.5,9,MAT,her-47d3,440919.474,105820673.8,240
121,31,9,MAT,her-47d3,2089128.859,574510436.1,275
121,31.5,9,MAT,her-47d3,1753565.385,546235617.4,311.5
121,32,9,MAT,her-47d3,1797893.823,515546053.7,286.75
121,32.5,9,MAT,her-47d3,850095.0948,283931761.7,334
121,33,9,MAT,her-47d3,333503.6869,118393808.8,355
121,33.5,9,MAT,her-47d3,501752.7494,171599440.3,342
121,35.5,9,MAT,her-47d3,246990.8493,92868559.34,376
121,28.5,10,MAT,her-47d3,4207323.713,845672066.4,201
121,31,10,MAT,her-47d3,835651.5434,255709372.3,306
121,32,10,MAT,her-47d3,449473.4557,139336771.3,310
121,31.5,11,MAT,her-47d3,438391.3462,143792361.6,328
121,32.5,11,MAT,her-47d3,425047.5474,147916546.5,348
121,31.5,12,MAT,her-47d3,438391.3462,138531665.4,316
121,32,12,MAT,her-47d3,449473.4557,117312571.9,261
131,5,0,-,her-47d3,1436783.247,1005748.273,0.7
131,5.5,0,-,her-47d3,20833357.08,19109217.19,0.917241379
131,6,0,-,her-47d3,24425315.2,29741413.22,1.217647059
131,6.5,0,-,her-47d3,46283354.91,83310038.84,1.8
131,7,0,-,her-47d3,44167162.53,92300355.98,2.089795918
131,7.5,0,-,her-47d3,7367690.837,18208721.64,2.471428571
131,8,0,-,her-47d3,8226019.609,24369583.09,2.9625
131,8.5,0,-,her-47d3,3913099.593,15456743.39,3.95
131,7.5,0,IMM,her-47d3,44206145.02,115567493.4,2.614285714
131,8,0,IMM,her-47d3,31875825.98,101180041.2,3.174193548
131,8.5,0,IMM,her-47d3,7826199.186,29348246.95,3.75
131,9,0,IMM,her-47d3,8808372.334,41223182.52,4.68
131,9.5,0,IMM,her-47d3,2216433.071,12079560.24,5.45
131,10,0,IMM,her-47d3,3324649.607,22718438.98,6.833333333
131,10.5,0,IMM,her-47d3,2155174.871,17241398.97,8
131,11,0,IMM,her-47d3,8028722.51,74345970.44,9.26
131,11.5,0,IMM,her-47d3,2934824.695,33261346.54,11.33333333
131,12.5,1,IMM,her-47d3,2544999.783,39871663.26,15.66666667
131,13,1,IMM,her-47d3,5747132.989,92672519.44,16.125
131,13.5,1,IMM,her-47d3,31400396.66,604980975.7,19.26666667
131,14,1,IMM,her-47d3,18606343.05,388665832.6,20.88888889
131,14.5,1,IMM,her-47d3,40996215.32,949745654.9,23.16666667
131,15,1,IMM,her-47d3,15404209.84,396658403.5,25.75
131,15.5,1,IMM,her-47d3,24934872.05,752201973.5,30.16666667
131,16,1,IMM,her-47d3,9530662.206,295450528.4,31
131,16.5,1,IMM,her-47d3,718391.6236,27298881.7,38
131,18,1,IMM,her-47d3,718391.6236,31609231.44,44
131,18.5,1,IMM,her-47d3,989886.0572,47019587.72,47.5
131,19,1,IMM,her-47d3,1732300.6,88594802.12,51.14285714
131,19.5,1,IMM,her-47d3,3712072.715,206886186,55.73333333
131,20,1,IMM,her-47d3,11843596.86,724093008,61.13793103
131,20.5,1,IMM,her-47d3,3217129.686,209113429.6,65
131,21,1,IMM,her-47d3,3840635.075,249092617.7,64.85714286
131,21.5,1,IMM,her-47d3,247471.5143,18312892.06,74
131,20,2,IMM,her-47d3,408399.8917,23278793.83,57
131,20.5,2,IMM,her-47d3,742414.5429,46772116.2,63
131,21.5,2,IMM,her-47d3,989886.0572,77706055.49,78.5
131,22,2,IMM,her-47d3,742414.5429,60630521,81.66666667
131,20,1,MAT,her-47d3,408399.8917,25729193.18,63
131,20.5,1,MAT,her-47d3,247471.5143,16085648.43,65
131,21,1,MAT,her-47d3,548662.1536,40052337.21,73
131,22,1,MAT,her-47d3,247471.5143,19797721.14,80
131,21,2,MAT,her-47d3,3840635.075,272685090.3,71
131,21.5,2,MAT,her-47d3,494943.0286,35140955.03,71
131,23.5,2,MAT,her-47d3,247471.5143,25737037.49,104
131,23.5,3,MAT,her-47d3,494943.0286,50236717.4,101.5
151,13,1,IMM,her-47d3,4634628.707,65029634.05,14.03125
151,13.5,1,IMM,her-47d3,780576.2885,15611525.77,20
151,14,1,IMM,her-47d3,7134884.984,148048863.4,20.75
151,14.5,1,IMM,her-47d3,2757888.864,57915666.14,21
151,15,1,IMM,her-47d3,6262841.317,138519313.8,22.11764706
151,16.5,1,IMM,her-47d3,140309.6848,5191458.338,37
151,17.5,1,IMM,her-47d3,455485.4426,20269102.2,44.5
151,18.5,1,IMM,her-47d3,165088.4589,7428980.651,45
151,19,1,IMM,her-47d3,379483.1196,21251054.7,56
151,20,1,IMM,her-47d3,190744.6521,13542870.3,71
151,20.5,1,IMM,her-47d3,492301.419,35445702.17,72
151,19.5,2,IMM,her-47d3,124855.5701,5743356.225,46
151,21,2,IMM,her-3a22,134187.2866,8453799.056,63
151,28.5,5,IMM,her-3a22,109278.15,22292742.6,204
151,27,6,IMM,her-3a22,109751.0687,14706643.21,134
151,24,2,MAT,her-47d3,331144.8813,40399675.52,122
151,26,2,MAT,her-47d3,124739.9164,20831566.04,167
151,27,2,MAT,her-47d3,109751.0687,14267638.93,130
151,29,7,MAT,her-3a22,112588.5812,19703001.71,175
151,22,2,-,her-3a22,138579.838,10947807.2,79
151,26,4,-,her-3a22,124739.9164,17089368.55,137
151,12,1,IMM,her-3a22,139977.0148,1959678.207,14
151,12.5,1,IMM,her-3a22,2152878.153,30427344.56,14.13333333
151,13,1,IMM,her-3a22,2751810.795,39249511.86,14.26315789
151,13.5,1,IMM,her-3a22,6556840.823,129419548.6,19.73809524
151,14,1,IMM,her-3a22,9810466.853,209052130,21.30909091
151,14.5,1,IMM,her-3a22,6303745.974,152274863.7,24.15625
151,15,1,IMM,her-3a22,16025505.72,408005691.7,25.45977011
151,15.5,1,IMM,her-3a22,1749404.598,46456411,26.55555556
151,16,1,IMM,her-3a22,2155338.175,67713541,31.41666667
151,16.5,1,IMM,her-3a22,841858.1088,27220078.85,32.33333333
151,17,1,IMM,her-3a22,1343283.504,43368867.41,32.28571429
151,17.5,1,IMM,her-3a22,683228.1639,27556869.28,40.33333333
151,18,1,IMM,her-3a22,237217.1319,8777033.88,37
151,19.5,1,IMM,her-3a22,873988.9907,47195405.5,54
151,20,1,IMM,her-3a22,572233.9563,34715526.68,60.66666667
151,18,2,IMM,her-3a22,237217.1319,9014251.012,38
151,20,2,IMM,her-3a22,1525957.217,93846368.83,61.5
151,20.5,2,IMM,her-3a22,4266612.298,257473642.1,60.34615385
151,21,2,IMM,her-3a22,2012809.299,129490731.6,64.33333333
151,21.5,2,IMM,her-3a22,1998872.047,145456381.2,72.76923077
151,22,2,IMM,her-3a22,6651832.224,595338984,89.5
151,22.5,2,IMM,her-3a22,4027900.285,363014513.2,90.125
151,23,2,IMM,her-3a22,2662757.931,268091309.9,100.6818182
151,23.5,2,IMM,her-3a22,1201561.284,138299703.8,115.1
151,24.5,2,IMM,her-3a22,549244.57,68655571.25,125
151,25,2,IMM,her-3a22,891078.3048,129206354.2,145
151,21,3,IMM,her-3a22,1341872.866,86416612.57,64.4
151,21.5,3,IMM,her-3a22,2613909.599,208497730.4,79.76470588
151,22.5,3,IMM,her-3a22,1636334.491,131536118.7,80.38461538
151,23.5,3,IMM,her-3a22,1321717.412,111745199.4,84.54545455
151,24.5,3,IMM,her-3a22,109848.914,11094740.31,101
151,25,3,IMM,her-3a22,556923.9405,69615492.56,125
151,28.5,3,IMM,her-3a22,109278.15,20107179.6,184
151,23,4,IMM,her-3a22,363103.3542,29895509.5,82.33333333
151,25,4,IMM,her-3a22,111384.7881,13477559.36,121
151,25.5,4,IMM,her-3a22,110551.3928,12823961.56,116
151,28,4,IMM,her-3a22,112588.5812,19703001.71,175
151,27.5,6,IMM,her-3a22,225177.1624,41657775.04,185
151,28,6,IMM,her-3a22,112588.5812,21391830.43,190
151,29,6,IMM,her-3a22,112588.5812,23643602.05,210
151,21,2,MAT,her-3a22,1073498.293,82659368.55,77
151,21.5,2,MAT,her-3a22,615037.5528,52893229.54,86
151,22.5,2,MAT,her-3a22,125871.8839,9818006.944,78
151,23,2,MAT,her-3a22,968275.6112,77462048.9,80
151,23.5,2,MAT,her-3a22,240312.2568,26914972.76,112
151,24,2,MAT,her-3a22,551908.1355,66780884.4,121
151,24.5,2,MAT,her-3a22,109848.914,14390207.73,131
151,26.5,2,MAT,her-3a22,448749.2672,71351133.48,159
151,27.5,2,MAT,her-3a22,337765.7436,64851022.77,192
151,28,2,MAT,her-3a22,112588.5812,23080659.15,205
151,22.5,3,MAT,her-3a22,251743.7678,18251423.17,72.5
151,23,3,MAT,her-3a22,605172.257,61485501.31,101.6
151,23.5,3,MAT,her-3a22,961249.0272,120877065.2,125.75
151,24,3,MAT,her-3a22,1766106.034,224516229.5,127.125
151,24.5,3,MAT,her-3a22,219697.828,26803135.02,122
151,25,3,MAT,her-3a22,222769.5762,26732349.14,120
151,26.5,3,MAT,her-3a22,448749.2672,66414891.55,148
151,23,4,MAT,her-3a22,121034.4514,11256203.98,93
151,25.5,4,MAT,her-3a22,221102.7856,30291081.63,137
151,26,4,MAT,her-3a22,1122659.248,147068361.4,131
151,27,4,MAT,her-3a22,439004.2748,63436117.71,144.5
151,24.5,5,MAT,her-3a22,109848.914,11973531.63,109
151,25.5,5,MAT,her-3a22,331654.1784,46099930.8,139
151,27,5,MAT,her-3a22,219502.1374,32925320.61,150
151,27.5,5,MAT,her-3a22,225177.1624,36028345.98,160
151,26.5,6,MAT,her-3a22,785311.2176,122508549.9,156
151,27.5,6,MAT,her-3a22,112588.5812,15199458.46,135
151,28,6,MAT,her-3a22,225177.1624,39856357.74,177
151,29,6,MAT,her-3a22,225177.1624,46161318.29,205
151,31.5,6,MAT,her-3a22,112588.5812,29273031.11,260
151,26.5,7,MAT,her-3a22,785311.2176,115440749,147
151,30,7,MAT,her-3a22,112588.5812,24319133.54,216
151,29,8,MAT,her-3a22,112588.5812,20040767.45,178
151,29.5,8,MAT,her-3a22,112588.5812,20378533.2,181
151,12,1,IMM,her-47d3,979839.1036,11338138.2,11.57142857
151,12.5,1,IMM,her-47d3,4018705.886,55113680.72,13.71428571
151,13,1,IMM,her-47d3,10862411.03,169888108.5,15.64
151,13.5,1,IMM,her-47d3,17016563.09,302395254.2,17.7706422
151,14,1,IMM,her-47d3,18372328.83,391705185.6,21.32038835
151,14.5,1,IMM,her-47d3,40974348.83,942016039,22.99038462
151,15,1,IMM,her-47d3,19709530.03,509500561.2,25.85046729
151,15.5,1,IMM,her-47d3,22353503.2,601795181.8,26.92173913
151,16,1,IMM,her-47d3,7723295.128,233135746,30.18604651
151,16.5,1,IMM,her-47d3,4068980.859,118842303,29.20689655
151,17,1,IMM,her-47d3,2686567.008,96716412.27,36
151,17.5,1,IMM,her-47d3,1594199.049,61035049.31,38.28571429
151,18,1,IMM,her-47d3,1186085.66,49341163.44,41.6
151,18.5,1,IMM,her-47d3,1485796.13,68676798.9,46.22222222
151,19,1,IMM,her-47d3,758966.2392,38707278.2,51
151,19.5,1,IMM,her-47d3,1997689.122,114242846.6,57.1875
151,20,1,IMM,her-47d3,1907446.521,124556257.8,65.3
151,20.5,1,IMM,her-47d3,5743516.555,383831006.3,66.82857143
151,21,1,IMM,her-47d3,4293993.171,314266625.2,73.1875
151,21.5,1,IMM,her-47d3,5842856.752,476807862.8,81.60526316
151,22,1,IMM,her-47d3,3187336.274,272170801.8,85.39130435
151,22.5,1,IMM,her-47d3,1006975.071,93648681.62,93
151,23,1,IMM,her-47d3,1331378.965,138342378,103.9090909
151,23.5,1,IMM,her-47d3,1201561.284,126163934.8,105
151,16.5,2,IMM,her-47d3,140309.6848,4209290.544,30
151,18,2,IMM,her-47d3,711651.3957,28228838.7,39.66666667
151,18.5,2,IMM,her-47d3,165088.4589,6438449.897,39
151,19,2,IMM,her-47d3,379483.1196,18404931.3,48.5
151,19.5,2,IMM,her-47d3,873988.9907,48319105.63,55.28571429
151,20,2,IMM,her-47d3,1907446.521,117117216.4,61.4
151,20.5,2,IMM,her-47d3,984602.838,68922198.66,70
151,21,2,IMM,her-47d3,2415371.159,175516970.9,72.66666667
151,21.5,2,IMM,her-47d3,2921428.376,252934193.6,86.57894737
151,22,2,IMM,her-47d3,692899.19,63746725.48,92
151,22.5,2,IMM,her-47d3,4027900.285,394860099.8,98.03125
151,23.5,2,IMM,her-47d3,2162810.311,249804590.9,115.5
151,24,2,IMM,her-47d3,1103816.271,138418560.4,125.4
151,24.5,2,IMM,her-47d3,878791.312,115670906.4,131.625
151,25,2,IMM,her-47d3,891078.3048,104478931.2,117.25
151,25.5,2,IMM,her-47d3,110551.3928,17467120.06,158
151,22,3,IMM,her-47d3,138579.838,10254908.01,74
151,23,3,IMM,her-47d3,242068.9028,20817925.64,86
151,24,3,IMM,her-47d3,110381.6271,10486254.57,95
151,21.5,4,IMM,her-47d3,1537593.882,93793226.8,61
151,25.5,4,IMM,her-47d3,110551.3928,15698297.78,142
151,30,4,IMM,her-47d3,112588.5812,21954773.33,195
151,27.5,6,IMM,her-47d3,112588.5812,17901584.41,159
151,16,1,MAT,her-47d3,1077669.088,33766964.74,31.33333333
151,22,1,MAT,her-47d3,692899.19,63053826.29,91
151,22,2,MAT,her-47d3,554319.352,47671464.27,86
151,23,2,MAT,her-47d3,484137.8056,56644123.26,117
151,24,2,MAT,her-47d3,110381.6271,14128848.27,128
151,24.5,2,MAT,her-47d3,659093.484,87549584.46,132.8333333
151,25,2,MAT,her-47d3,445539.1524,65828409.77,147.75
151,25.5,2,MAT,her-47d3,1105513.928,172128518.6,155.7
151,26,2,MAT,her-47d3,1871098.746,316465167.9,169.1333333
151,26.5,2,MAT,her-47d3,897498.5344,149321318.7,166.375
151,27,2,MAT,her-47d3,329253.2061,57399808.93,174.3333333
151,27.5,2,MAT,her-47d3,450354.3248,81964487.11,182
151,28,2,MAT,her-47d3,112588.5812,24431722.12,217
151,28.5,2,MAT,her-47d3,109278.15,24587583.75,225
151,22.5,3,MAT,her-47d3,755231.3034,83075443.37,110
151,24.5,3,MAT,her-47d3,549244.57,60416902.7,110
151,25,3,MAT,her-47d3,556923.9405,77412427.73,139
151,25.5,3,MAT,her-47d3,552756.964,80149759.78,145
151,28,3,MAT,her-47d3,225177.1624,45936141.13,204
151,29,3,MAT,her-47d3,112588.5812,26345728,234
151,25.5,4,MAT,her-47d3,331654.1784,39798501.41,120
151,26.5,4,MAT,her-47d3,336561.9504,49138044.76,146
151,27,5,MAT,her-47d3,329253.2061,47412461.68,144
151,30,5,MAT,her-47d3,112588.5812,34339517.27,305
151,28.5,6,MAT,her-47d3,109278.15,22074186.3,202
152,16.5,1,IMM,her-47d3,267417.3366,9894441.454,37
152,17.5,1,IMM,her-47d3,901023.0498,38443650.12,42.66666667
152,18.5,1,IMM,her-47d3,516950.677,22745829.79,44
152,19,1,IMM,her-47d3,947943.5552,51188951.98,54
152,19.5,1,IMM,her-47d3,2073561.547,118193008.2,57
152,20,1,IMM,her-47d3,249611.005,17722381.36,71
152,20.5,1,IMM,her-47d3,1271475.345,91546224.8,72
152,21,2,IMM,her-3a22,4816593.474,293812201.9,61
152,21.5,2,IMM,her-3a22,3896153.636,268834600.8,69
152,22,2,IMM,her-3a22,1821324.28,136599321,75
152,24,2,IMM,her-47d3,488583.8396,45926880.92,94
152,21,3,IMM,her-3a22,5070098.394,344766690.8,68
152,23,4,IMM,her-3a22,1011052.767,97061065.61,96
152,25.5,4,IMM,her-3a22,481660.2318,64060810.83,133
152,26,4,IMM,her-3a22,238204.4928,29775561.6,125
152,28.5,5,IMM,her-3a22,251017.8114,51207633.53,204
152,24.5,6,IMM,her-3a22,248280.1061,29793612.73,120
152,27,6,IMM,her-3a22,248763.2306,33334272.9,134
152,24,2,MAT,her-47d3,977167.6792,119214456.9,122
152,25,2,MAT,her-47d3,239249.469,35648170.88,149
152,26,2,MAT,her-47d3,238204.4928,39780150.3,167
152,27,2,MAT,her-47d3,248763.2306,32339219.98,130
152,24.5,4,MAT,her-3a22,248280.1061,27062531.56,109
152,25.5,4,MAT,her-3a22,240830.1159,35642857.15,148
152,27,5,MAT,her-47d3,248763.2306,41294696.28,166
152,29,7,MAT,her-3a22,231853.8746,40574428.06,175
152,15,1,IMM,her-3a22,300341.0166,6307161.349,21
152,15.5,1,IMM,her-3a22,600682.0332,16218414.9,27
152,16.5,1,IMM,her-3a22,267417.3366,8824772.108,33
152,17.5,1,IMM,her-3a22,300341.0166,12013640.66,40
152,18,1,IMM,her-3a22,488976.6904,20048044.31,41
152,19.5,1,IMM,her-3a22,518390.3868,27993080.89,54
152,20,1,IMM,her-3a22,5990664.12,367427399.4,61.33333333
152,19,2,IMM,her-3a22,710957.6664,40287601.1,56.66666667
152,20,2,IMM,her-3a22,499222.01,32699041.66,65.5
152,20.5,2,IMM,her-3a22,10426097.82,678204948.8,65.04878049
152,21,2,IMM,her-3a22,3295563.956,213704647.3,64.84615385
152,21.5,2,IMM,her-3a22,8052050.847,528058689.4,65.58064516
152,22,2,IMM,her-3a22,15611350.97,1382124939,88.53333333
152,22.5,2,IMM,her-3a22,8306231.018,696944696.3,83.90625
152,23,2,IMM,her-3a22,4802500.642,495668618.9,103.2105263
152,23.5,2,IMM,her-3a22,3898070.127,424889643.8,109
152,24.5,2,IMM,her-3a22,1241400.531,155175066.3,125
152,25,2,IMM,her-3a22,1435496.814,203601298.1,141.8333333
152,25.5,2,IMM,her-3a22,240830.1159,34438706.57,143
152,21,3,IMM,her-3a22,1014019.679,65911279.12,65
152,21.5,3,IMM,her-3a22,6493589.393,457668180.4,70.48
152,22,3,IMM,her-3a22,1040756.731,83260538.5,80
152,22.5,3,IMM,her-3a22,8046661.298,639320218.6,79.4516129
152,23,3,IMM,her-3a22,2022105.534,171373444,84.75
152,23.5,3,IMM,her-3a22,1559228.051,133054127,85.33333333
152,24,3,IMM,her-3a22,732875.7594,84280712.33,115
152,24.5,3,IMM,her-3a22,496560.2122,51642262.07,104
152,25,3,IMM,her-3a22,1196247.345,149530918.1,125
152,28.5,3,IMM,her-3a22,251017.8114,46187277.3,184
152,23,4,IMM,her-3a22,758289.5751,63443561.12,83.66666667
152,23.5,4,IMM,her-3a22,519742.6836,46257098.84,89
152,24.5,4,IMM,her-3a22,496560.2122,60580345.89,122
152,25,4,IMM,her-3a22,239249.469,28949185.75,121
152,25.5,4,IMM,her-3a22,722490.3477,91997104.27,127.3333333
152,28,4,IMM,her-3a22,230318.0904,40305665.82,175
152,25.5,5,IMM,her-3a22,481660.2318,61652509.67,128
152,26.5,5,IMM,her-3a22,233322.8884,34531787.48,148
152,26.5,6,IMM,her-3a22,466645.7768,63930471.42,137
152,27.5,6,IMM,her-3a22,230866.5847,42710318.17,185
152,28,6,IMM,her-3a22,460636.1808,87520874.35,190
152,29,6,IMM,her-3a22,231853.8746,48689313.67,210
152,30,6,IMM,her-3a22,228398.3601,54130411.34,237
152,21,2,MAT,her-3a22,2535049.197,195198788.2,77
152,21.5,2,MAT,her-3a22,3116922.908,268055370.1,86
152,23,2,MAT,her-3a22,1516579.15,121326332,80
152,24,2,MAT,her-3a22,1221459.599,147796611.5,121
152,24.5,2,MAT,her-3a22,496560.2122,66539068.43,134
152,26.5,2,MAT,her-3a22,933291.5536,148393357,159
152,27.5,2,MAT,her-3a22,461733.1694,88652768.52,192
152,28,2,MAT,her-3a22,230318.0904,47215208.53,205
152,23,3,MAT,her-3a22,2022105.534,214343186.6,106
152,23.5,3,MAT,her-3a22,2598713.418,327437890.7,126
152,24,3,MAT,her-3a22,4397254.556,544038105.4,123.7222222
152,24.5,3,MAT,her-3a22,993120.4244,121160691.8,122
152,25,3,MAT,her-3a22,1674746.283,196184564.6,117.1428571
152,26.5,3,MAT,her-3a22,1166614.442,172658937.4,148
152,25.5,4,MAT,her-3a22,722490.3477,98981177.63,137
152,26,4,MAT,her-3a22,2382044.928,316335566.4,132.8
152,27,4,MAT,her-3a22,746289.6918,108212005.3,145
152,24.5,5,MAT,her-3a22,248280.1061,27062531.56,109
152,25.5,5,MAT,her-3a22,1444980.695,200852316.7,139
152,27,5,MAT,her-3a22,746289.6918,111943453.8,150
152,27.5,5,MAT,her-3a22,461733.1694,73877307.1,160
152,26.5,6,MAT,her-3a22,933291.5536,145593482.4,156
152,27.5,6,MAT,her-3a22,692599.7541,93500966.8,135
152,28,6,MAT,her-3a22,230318.0904,40766302,177
152,29,6,MAT,her-3a22,463707.7492,95060088.59,205
152,31.5,6,MAT,her-3a22,231853.8746,60282007.4,260
152,26.5,7,MAT,her-3a22,933291.5536,137193858.4,147
152,28,7,MAT,her-3a22,230318.0904,41226938.18,179
152,30,7,MAT,her-3a22,228398.3601,49334045.78,216
152,29,8,MAT,her-3a22,231853.8746,41269989.68,178
152,29.5,8,MAT,her-3a22,231853.8746,41965551.3,181
152,13.5,1,IMM,her-47d3,341495.6165,4780938.631,14
152,15,1,IMM,her-47d3,600682.0332,13215004.73,22
152,15.5,1,IMM,her-47d3,1201364.066,31836147.76,26.5
152,16,1,IMM,her-47d3,777559.2498,23326777.49,30
152,16.5,1,IMM,her-47d3,2139338.693,67924003.5,31.75
152,17,1,IMM,her-47d3,1555118.5,59872062.23,38.5
152,17.5,1,IMM,her-47d3,1501705.083,58266157.22,38.8
152,18,1,IMM,her-47d3,2933860.142,122977637.6,41.91666667
152,18.5,1,IMM,her-47d3,3360179.401,161547086.6,48.07692308
152,19,1,IMM,her-47d3,3317802.443,170629839.9,51.42857143
152,19.5,1,IMM,her-47d3,12441369.28,682979334.6,54.89583333
152,20,1,IMM,her-47d3,9984440.2,623278679.5,62.425
152,20.5,1,IMM,her-47d3,20089310.44,1318774227,65.64556962
152,21,1,IMM,her-47d3,23829462.45,1700003992,71.34042553
152,21.5,1,IMM,her-47d3,11168973.76,905985592,81.11627907
152,22,1,IMM,her-47d3,5463972.839,465998826.4,85.28571429
152,22.5,1,IMM,her-47d3,3893545.79,358984921.8,92.2
152,23,1,IMM,her-47d3,3285921.492,340472019.2,103.6153846
152,23.5,1,IMM,her-47d3,1819099.393,191005436.2,105
152,18.5,2,IMM,her-47d3,1033901.354,46525560.93,45
152,19.5,2,IMM,her-47d3,3369537.514,192322833.5,57.07692308
152,20,2,IMM,her-47d3,1497666.03,87363851.75,58.33333333
152,20.5,2,IMM,her-47d3,3051540.827,200893104.4,65.83333333
152,21,2,IMM,her-47d3,1521029.518,115851748.3,76.16666667
152,21.5,2,IMM,her-47d3,6233845.817,532474330.2,85.41666667
152,22,2,IMM,her-47d3,2601891.828,241975940,93
152,22.5,2,IMM,her-47d3,8565800.737,835035787,97.48484848
152,23,2,IMM,her-47d3,1011052.767,97061065.61,96
152,23.5,2,IMM,her-47d3,6496783.545,747909721.7,115.12
152,24,2,IMM,her-47d3,1710043.439,209602467.2,122.5714286
152,24.5,2,IMM,her-47d3,1489680.637,195893003.7,131.5
152,25,2,IMM,her-47d3,1435496.814,167953127.2,117
152,25.5,2,IMM,her-47d3,240830.1159,38051158.31,158
152,26.5,2,IMM,her-47d3,233322.8884,30098652.6,129
152,23,3,IMM,her-47d3,1011052.767,86950537.94,86
152,24,3,IMM,her-47d3,977167.6792,108954196.2,111.5
152,25,3,IMM,her-47d3,239249.469,25599693.18,107
152,27,3,IMM,her-47d3,248763.2306,43782328.59,176
152,21.5,4,IMM,her-47d3,1298717.879,79221790.59,61
152,25.5,4,IMM,her-47d3,481660.2318,68636583.03,142.5
152,30,4,IMM,her-47d3,228398.3601,44537680.22,195
152,27.5,6,IMM,her-47d3,230866.5847,36707786.97,159
152,22,1,MAT,her-47d3,2081513.462,189417725.1,91
152,22,2,MAT,her-47d3,1040756.731,89505078.88,86
152,23,2,MAT,her-47d3,758289.5751,88719880.29,117
152,23.5,2,MAT,her-47d3,259871.3418,32224046.38,124
152,24,2,MAT,her-47d3,244291.9198,31269365.73,128
152,24.5,2,MAT,her-47d3,1737960.743,229907378.2,132.2857143
152,25,2,MAT,her-47d3,1913995.752,288774109.1,150.875
152,25.5,2,MAT,her-47d3,1444980.695,223008687.3,154.3333333
152,26,2,MAT,her-47d3,3573067.392,586221256.8,164.0666667
152,26.5,2,MAT,her-47d3,1633260.219,270654550.5,165.7142857
152,27,2,MAT,her-47d3,746289.6918,130103169.6,174.3333333
152,27.5,2,MAT,her-47d3,923466.3388,168070873.7,182
152,28,2,MAT,her-47d3,460636.1808,99958051.23,217
152,28.5,2,MAT,her-47d3,251017.8114,56479007.57,225
152,22.5,3,MAT,her-47d3,2855266.912,314079360.4,110
152,24.5,3,MAT,her-47d3,993120.4244,109243246.7,110
152,25,3,MAT,her-47d3,478498.938,66511352.38,139
152,25.5,3,MAT,her-47d3,1444980.695,209522200.8,145
152,28,3,MAT,her-47d3,230318.0904,46984890.44,204
152,29,3,MAT,her-47d3,231853.8746,54253806.66,234
152,25.5,4,MAT,her-47d3,481660.2318,57799227.82,120
152,26.5,4,MAT,her-47d3,2099905.996,306586275.4,146
152,27.5,4,MAT,her-47d3,230866.5847,41325118.66,179
152,28.5,4,MAT,her-47d3,251017.8114,40413867.64,161
152,26,5,MAT,her-47d3,238204.4928,29775561.6,125
152,27,5,MAT,her-47d3,995052.9224,145775253.1,146.5
152,30,5,MAT,her-47d3,228398.3601,69661499.83,305
152,28.5,6,MAT,her-47d3,251017.8114,50705597.9,202
